ifInOctets11,ifOutOctets11,ifOutDiscards11,ifInUcastPkts11,ifInNUcastPkts11,ifInDiscards11,ifOutUcastPkts11,ifOutNUcastPkts11,tcpOutRsts,tcpInSegs,tcpOutSegs,tcpPassiveOpens,tcpRetransSegs,tcpCurrEstab,tcpEstabResets,tcpActiveOpens,udpInDatagrams,udpOutDatagrams,udpInErrors,udpNoPorts,ipInReceives,ipInDelivers,ipOutRequests,ipOutDiscards,ipInDiscards,ipForwDatagrams,ipOutNoRoutes,ipInAddrErrors,icmpInMsgs,icmpInDestUnreachs,icmpOutMsgs,icmpOutDestUnreachs,icmpInEchos,icmpOutEchoReps
0,0,0,0,0,0,0,0,0,0,0,0,0,0,0,0,0,0,0,0,0,0,0,0,0,0,0,0,0,0,0,0,0,0
0,0,0,0,0,0,0,0,0,43,21,0,0,0,0,0,91,68,0,0,202,199,89,0,0,0,0,0,0,0,0,0,0,0
0,0,0,0,0,0,0,0,0,44,22,0,0,0,0,0,90,68,0,0,203,203,91,0,0,0,0,0,0,0,0,0,0,0
0,0,0,0,0,0,0,0,0,45,23,0,0,0,0,0,93,68,0,0,206,206,90,0,0,0,0,0,0,0,0,0,0,0
481661,29367,0,577,0,0,375,0,0,45,23,0,0,0,0,0,90,68,0,0,205,204,90,0,0,0,0,0,0,0,0,0,0,0
0,0,0,0,0,0,0,0,0,44,21,0,0,0,0,0,90,68,0,0,201,201,90,0,0,0,0,0,0,0,0,0,0,0
0,0,0,0,0,0,0,0,0,42,21,0,0,0,0,0,91,69,0,0,200,201,90,0,0,0,0,0,0,0,0,0,0,0
0,0,0,0,0,0,0,0,0,41,21,0,0,0,0,0,89,68,0,0,197,196,88,0,0,0,0,0,0,0,0,0,0,0
0,0,0,0,0,0,373,0,0,40,20,0,0,0,0,0,88,68,0,0,195,195,87,0,0,0,0,0,0,0,0,0,0,0
426512,29900,0,549,0,0,0,0,0,39,19,0,0,0,0,0,89,68,0,0,195,195,88,0,0,0,0,0,0,0,0,0,0,0
0,0,0,0,0,0,0,0,0,39,20,0,0,0,0,0,87,68,0,0,193,197,88,0,0,0,0,0,0,0,0,0,0,0
0,0,0,0,0,0,0,0,0,39,19,0,0,0,0,0,91,68,0,0,204,202,90,0,0,0,0,0,0,0,0,0,0,0
0,0,0,536,0,0,354,0,0,74,37,0,0,0,0,0,105,68,0,0,248,247,105,0,0,0,0,0,0,0,0,0,0,0
435294,27881,0,0,0,0,0,0,0,55,28,0,0,0,0,0,95,68,0,0,211,210,92,0,0,0,0,0,0,0,0,0,0,0
0,0,0,0,0,0,0,0,0,37,18,0,0,0,0,0,87,68,0,0,192,192,86,0,0,0,0,0,0,0,0,0,0,0
0,0,0,0,0,0,0,0,0,34,17,0,0,0,0,0,86,68,0,0,190,191,86,0,0,0,0,0,0,0,0,0,0,0
0,0,0,0,0,0,0,0,0,37,18,0,0,0,0,0,86,68,0,1,189,187,85,0,1,0,0,0,0,0,0,0,0,0
429762,29400,0,551,0,0,371,0,0,34,17,0,0,0,0,0,85,68,0,1,188,189,86,0,1,0,0,0,0,0,0,0,0,0
0,0,0,0,0,0,0,0,0,36,19,0,0,0,0,0,87,68,0,0,191,189,85,0,0,0,0,0,0,0,0,0,0,0
0,0,0,0,0,0,0,0,0,32,16,0,0,0,0,0,85,68,0,0,184,185,84,0,0,0,0,0,0,0,0,0,0,0
0,0,0,0,0,0,0,0,0,34,16,0,0,0,0,0,85,68,0,1,187,186,85,0,1,0,0,0,0,0,0,0,0,0
0,0,0,0,0,0,0,0,0,36,19,0,0,0,0,0,88,71,0,0,195,198,90,0,0,0,0,0,0,0,0,0,0,0
502112,40539,0,705,0,0,504,0,0,38,19,0,0,0,0,0,89,70,0,0,194,195,90,0,0,0,0,0,0,0,0,0,0,0
0,0,0,0,0,0,0,0,0,38,19,0,0,0,0,0,90,68,0,0,196,196,86,0,0,0,0,0,0,0,0,0,0,0
0,0,0,0,0,0,0,0,0,36,18,0,0,0,0,0,88,68,0,1,194,193,86,0,1,0,0,0,0,0,0,0,0,0
0,0,0,0,0,0,0,0,0,35,17,0,0,0,0,0,86,68,0,0,193,194,86,0,0,0,0,0,0,0,0,0,0,0
0,0,0,0,0,0,0,0,0,37,19,0,0,0,0,0,87,68,0,0,192,192,87,0,0,0,0,0,0,0,0,0,0,0
450844,34664,0,622,0,0,432,0,0,37,18,0,0,0,0,0,87,68,0,0,192,192,86,0,0,0,0,0,0,0,0,0,0,0
0,0,0,0,0,0,0,0,0,40,21,0,0,0,0,0,92,68,0,0,211,215,95,0,1,0,0,0,0,0,0,0,0,0
0,0,0,0,0,0,0,0,0,60,30,0,0,0,0,0,96,68,0,1,209,205,91,0,0,0,0,0,0,0,0,0,0,0
0,0,0,0,0,0,0,0,0,37,18,0,0,0,0,0,87,68,0,0,200,198,88,0,0,0,0,0,0,0,0,0,0,0
425832,28522,0,539,0,0,361,0,0,38,19,0,0,0,0,0,87,68,0,0,187,188,85,0,0,0,0,0,0,0,0,0,0,0
0,0,0,0,0,0,0,0,0,36,18,0,0,0,0,0,89,68,0,0,199,200,90,0,0,0,0,0,0,0,0,0,0,0
0,0,0,0,0,0,0,0,0,53,27,0,0,0,0,0,95,68,0,0,216,214,94,0,0,0,0,0,0,0,0,0,0,0
0,0,0,0,0,0,0,0,0,50,25,0,0,0,0,0,95,68,0,1,217,216,94,0,1,0,0,0,0,0,0,0,0,0
451566,28792,0,556,0,0,366,0,0,47,23,0,0,0,0,0,89,68,0,0,198,198,88,0,0,0,0,0,0,0,0,0,0,0
0,0,0,0,0,0,0,0,0,38,19,0,0,0,0,0,87,68,0,0,192,192,87,0,0,0,0,0,0,0,0,0,0,0
0,0,0,0,0,0,0,0,0,41,21,0,0,0,0,0,90,68,0,0,195,196,87,0,0,0,0,0,0,0,0,0,0,0
0,0,0,0,0,0,0,0,0,34,17,0,0,0,0,0,84,68,0,0,188,187,85,0,0,0,0,0,0,0,0,0,0,0
0,0,0,0,0,0,0,0,0,44,22,0,0,0,0,0,92,68,0,0,204,204,91,0,0,0,0,0,0,0,0,0,0,0
472358,34898,0,632,0,0,437,0,0,35,17,0,0,0,0,0,86,68,0,0,187,188,85,0,0,0,0,0,0,0,0,0,0,0
0,0,0,0,0,0,0,0,0,40,20,0,0,0,0,0,88,68,0,0,200,199,89,0,0,0,0,0,0,0,0,0,0,0
0,0,0,0,0,0,0,0,0,35,18,0,0,0,0,0,86,68,0,1,190,189,85,0,1,0,0,0,0,0,0,0,0,0
0,0,0,0,0,0,0,0,0,36,18,0,0,0,0,0,87,68,0,0,192,192,87,0,0,0,0,0,0,0,0,0,0,0
0,0,0,0,0,0,0,0,0,36,18,0,0,0,0,0,86,68,0,0,189,189,85,0,0,0,0,0,0,0,0,0,0,0
448474,34572,0,617,0,0,431,0,0,35,17,0,0,0,0,0,86,68,0,0,187,188,85,0,0,0,0,0,0,0,0,0,0,0
0,0,0,0,0,0,0,0,0,33,17,0,0,0,0,0,85,68,0,0,186,186,85,0,0,0,0,0,0,0,0,0,0,0
0,0,0,0,0,0,0,0,0,35,17,0,0,0,0,0,86,68,0,0,191,190,86,0,0,0,0,0,0,0,0,0,0,0
0,0,0,0,0,0,0,0,0,35,18,0,0,0,0,0,87,68,0,0,190,191,86,0,0,0,0,0,0,0,0,0,0,0
0,0,0,0,0,0,0,0,0,37,19,0,0,0,0,0,87,68,0,0,192,192,86,0,0,0,0,0,0,0,0,0,0,0
433408,34454,0,608,0,0,429,0,0,36,18,0,0,0,0,0,86,68,0,1,192,192,87,0,1,0,0,0,0,0,0,0,0,0
0,0,0,0,0,0,0,0,0,38,18,0,0,0,0,0,87,68,0,0,190,189,85,0,0,0,0,0,0,0,0,0,0,0
0,0,0,0,0,0,0,0,0,36,18,0,0,0,0,0,87,68,0,0,191,190,86,0,0,0,0,0,0,0,0,0,0,0
0,0,0,0,0,0,0,0,0,36,18,0,0,0,0,0,86,68,0,0,190,191,86,0,0,0,0,0,0,0,0,0,0,0
0,0,0,0,0,0,0,0,0,36,18,0,0,0,0,0,87,68,0,0,190,190,86,0,0,0,0,0,0,0,0,0,0,0
445167,34560,0,615,0,0,431,0,0,35,18,0,0,0,0,0,85,68,0,0,195,194,90,0,0,0,0,0,0,0,0,0,0,0
0,0,0,0,0,0,0,0,0,40,22,0,0,0,0,0,88,68,0,1,193,192,87,0,1,0,0,0,0,0,0,0,0,0
0,0,0,0,0,0,0,0,0,39,20,0,0,0,0,0,90,68,0,0,198,200,89,0,0,0,0,0,0,0,0,0,0,0
0,0,0,0,0,0,0,0,0,46,23,0,0,0,0,0,90,68,0,0,203,201,90,0,0,0,0,0,0,0,0,0,0,0
0,0,0,0,0,0,0,0,0,36,18,0,0,0,0,0,87,68,0,0,189,189,85,0,0,0,0,0,0,0,0,0,0,0
475737,35146,0,635,0,0,441,0,0,35,18,0,0,0,0,0,86,68,0,0,190,191,86,0,0,0,0,0,0,0,0,0,0,0
0,0,0,0,0,0,0,0,0,36,18,0,0,0,0,0,87,68,0,0,193,193,87,0,1,0,0,0,0,0,0,0,0,0
0,0,0,0,0,0,0,0,0,39,19,0,0,0,0,0,87,68,0,1,195,194,87,0,0,0,0,0,0,0,0,0,0,0
0,0,0,0,0,0,0,0,0,41,21,0,0,0,0,0,89,68,0,0,197,198,89,0,0,0,0,0,0,0,0,0,0,0
0,0,0,0,0,0,0,0,0,41,20,0,0,0,0,0,90,68,0,0,199,198,88,0,0,0,0,0,0,0,0,0,0,0
480332,34992,0,639,0,0,439,0,0,41,21,0,0,0,0,0,89,68,0,0,199,198,89,0,0,0,0,0,0,0,0,0,0,0
0,0,0,0,0,0,0,0,0,41,20,0,0,0,0,0,88,68,0,0,193,195,87,0,0,0,0,0,0,0,0,0,0,0
0,0,0,0,0,0,0,0,0,37,19,0,0,0,0,0,88,68,0,0,194,194,87,0,1,0,0,0,0,0,0,0,0,0
0,0,0,0,0,0,0,0,0,38,19,0,0,0,0,0,88,68,0,1,197,195,88,0,0,0,0,0,0,0,0,0,0,0
0,0,0,0,0,0,0,0,0,39,20,0,0,0,0,0,88,68,0,0,197,195,88,0,0,0,0,0,0,0,0,0,0,0
477306,34936,0,637,0,0,438,0,0,37,18,0,0,0,0,0,86,68,0,0,187,187,84,0,0,0,0,0,0,0,0,0,0,0
0,0,0,0,0,0,0,0,0,32,16,0,0,0,0,0,84,68,0,0,183,184,84,0,0,0,0,0,0,0,0,0,0,0
0,0,0,0,0,0,0,0,0,34,17,0,0,0,0,0,87,68,0,0,189,190,86,0,0,0,0,0,0,0,0,0,0,0
0,0,0,0,0,0,0,0,0,33,16,0,0,0,0,0,84,68,0,1,187,186,84,0,1,0,0,0,0,0,0,0,0,0
0,0,0,0,0,0,0,0,0,36,19,0,0,0,0,0,90,68,0,0,204,204,91,0,0,0,0,0,0,0,0,0,0,0
442416,34525,0,613,0,0,430,0,0,49,24,0,0,0,0,0,89,68,0,0,194,193,87,0,0,0,0,0,0,0,0,0,0,0
0,0,0,0,0,0,0,0,0,29,14,0,0,0,0,0,83,68,0,0,180,180,82,0,0,0,0,0,0,0,0,0,0,0
0,0,0,0,0,0,0,0,0,29,14,0,0,0,0,0,83,68,0,0,180,180,83,0,0,0,0,0,0,0,0,0,0,0
0,0,0,0,0,0,0,0,0,30,16,0,0,0,0,0,85,68,0,0,185,184,83,0,0,0,0,0,0,0,0,0,0,0
0,0,0,0,0,0,0,0,0,30,14,0,0,0,0,0,84,68,0,1,183,184,82,0,1,0,0,0,0,0,0,0,0,0
0,0,0,0,0,0,0,0,0,26,14,0,0,0,0,0,83,68,0,0,179,178,82,0,0,0,0,0,0,0,0,0,0,0
444860,40446,0,683,0,0,498,0,0,29,14,0,0,0,0,0,83,68,0,0,181,180,82,0,0,0,0,0,0,0,0,0,0,0
0,0,0,0,0,0,0,0,0,28,15,0,0,0,0,0,84,68,0,0,182,183,84,0,0,0,0,0,0,0,0,0,0,0
0,0,0,0,0,0,0,0,0,34,16,0,0,0,0,0,84,68,0,0,184,183,84,0,0,0,0,0,0,0,0,0,0,0
0,0,0,0,0,0,0,0,0,31,16,0,0,0,0,0,84,68,0,0,182,183,83,0,0,0,0,0,0,0,0,0,0,0
0,0,0,0,0,0,0,0,0,30,14,0,0,0,0,0,83,68,0,0,178,179,82,0,0,0,0,0,0,0,0,0,0,0
0,0,0,0,0,0,0,0,0,29,15,0,0,0,0,0,84,68,0,0,185,184,84,0,0,0,0,0,0,0,0,0,0,0
454184,40508,0,684,0,0,499,0,0,30,15,0,0,0,0,0,82,68,0,0,179,178,82,0,0,0,0,0,0,0,0,0,0,0
0,0,0,0,0,0,0,0,0,28,14,0,0,0,0,0,83,68,0,1,180,180,82,0,1,0,0,0,0,0,0,0,0,0
0,0,0,0,0,0,0,0,0,28,14,0,0,0,0,0,83,68,0,0,178,179,82,0,0,0,0,0,0,0,0,0,0,0
0,0,0,0,0,0,0,0,0,28,14,0,0,0,0,0,82,68,0,0,181,178,82,0,0,0,0,2,0,0,0,0,0,0
0,0,0,0,0,0,0,0,0,29,15,0,0,0,0,0,83,68,0,0,181,179,82,0,0,0,0,1,0,0,0,0,0,0
0,0,0,0,0,0,0,0,0,28,14,0,0,0,0,0,82,68,0,0,179,179,83,0,0,0,0,0,0,0,0,0,0,0
0,0,0,0,0,0,508,0,0,29,14,0,0,0,0,0,83,68,0,0,179,180,82,0,0,0,0,0,0,0,0,0,0,0
439326,41398,0,690,0,0,0,0,0,29,15,0,0,0,0,0,83,68,0,0,181,182,83,0,0,0,0,0,0,0,0,0,0,0
0,0,0,0,0,0,0,0,0,29,14,0,0,0,0,0,83,68,0,0,178,177,82,0,0,0,0,0,0,0,0,0,0,0
0,0,0,0,0,0,0,0,0,28,14,0,0,0,0,0,83,68,0,0,179,180,82,0,0,0,0,0,0,0,0,0,0,0
0,0,0,0,0,0,0,0,0,30,15,0,0,0,0,0,83,68,0,0,182,180,83,0,0,0,0,0,0,0,0,0,0,0
0,0,0,0,0,0,0,0,0,29,14,0,0,0,0,0,82,68,0,0,179,179,82,0,0,0,0,0,0,0,0,0,0,0
0,0,0,0,0,0,0,0,0,28,15,0,0,0,0,0,84,68,0,1,180,180,83,0,1,0,0,0,0,0,0,0,0,0
491370,45857,0,763,0,0,564,0,0,28,14,0,0,0,0,0,81,68,0,0,178,177,82,0,0,0,0,0,0,0,0,0,0,0
0,0,0,0,0,0,0,0,0,28,13,0,0,0,0,0,83,68,0,0,179,180,82,0,0,0,0,0,0,0,0,0,0,0
0,0,0,0,0,0,0,0,0,29,15,0,0,0,0,0,84,68,0,0,183,183,83,0,0,0,0,0,0,0,0,0,0,0
0,0,0,0,0,0,0,0,0,31,16,0,0,0,0,0,83,68,0,0,181,180,83,0,0,0,0,0,0,0,0,0,0,0
0,0,0,0,0,0,0,0,0,30,15,0,0,0,0,0,83,68,0,0,180,181,83,0,0,0,0,0,0,0,0,0,0,0
0,0,0,0,0,0,0,0,0,30,15,0,0,0,0,0,84,68,0,0,186,186,84,0,0,0,0,0,0,0,0,0,0,0
449646,40458,0,682,0,0,498,0,0,33,16,0,0,0,0,0,85,68,0,0,184,185,84,0,0,0,0,0,0,0,0,0,0,0
0,0,0,0,0,0,0,0,0,40,20,0,0,0,0,0,90,68,0,0,201,201,90,0,0,0,0,0,0,0,0,0,0,0
0,0,0,0,0,0,0,0,0,51,25,0,0,0,0,0,94,68,0,0,212,212,92,0,0,0,0,0,0,0,0,0,0,0
0,0,0,0,0,0,0,0,0,44,23,0,0,0,0,0,92,68,0,0,209,210,93,0,0,0,0,0,0,0,0,0,0,0
444000,28688,0,551,0,0,364,0,0,51,26,0,0,0,0,0,93,68,0,1,207,204,90,0,1,0,0,0,0,0,0,0,0,0
0,0,0,0,0,0,0,0,0,34,16,0,0,0,0,0,84,68,0,0,182,183,84,0,0,0,0,0,0,0,0,0,0,0
0,0,0,0,0,0,0,0,0,28,14,0,0,0,0,0,83,68,0,1,183,181,82,0,1,0,0,0,0,0,0,0,0,0
0,0,0,0,0,0,0,0,0,31,15,0,0,0,0,0,84,68,0,0,183,183,84,0,0,0,0,0,0,0,0,0,0,0
0,0,0,0,0,0,0,0,0,33,17,0,0,0,0,0,84,68,0,1,185,185,84,0,2,0,0,0,0,0,0,0,0,0
0,0,0,0,0,0,0,0,0,29,14,0,0,0,0,0,83,68,0,1,181,178,82,0,0,0,0,0,0,0,0,0,0,0
470434,40716,0,698,0,0,503,0,0,31,16,0,0,0,0,0,84,68,0,0,183,184,84,0,0,0,0,0,0,0,0,0,0,0
0,0,0,0,0,0,0,0,0,34,17,0,0,0,0,0,86,68,0,1,189,188,85,0,1,0,0,0,0,0,0,0,0,0
0,0,0,0,0,0,0,0,0,31,15,0,0,0,0,0,84,68,0,0,181,182,83,0,0,0,0,0,0,0,0,0,0,0
0,0,0,0,0,0,0,0,0,31,16,0,0,0,0,0,83,68,0,0,183,183,84,0,1,0,0,0,0,0,0,0,0,0
0,0,0,0,0,0,0,0,0,31,15,0,0,0,0,0,84,68,0,1,184,182,83,0,0,0,0,0,0,0,0,0,0,0
0,0,0,0,0,0,0,0,0,28,14,0,0,0,0,0,84,68,0,0,183,183,84,0,0,0,0,0,0,0,0,0,0,0
465826,40672,0,694,0,0,502,0,0,32,16,0,0,0,0,0,83,68,0,1,181,180,82,0,1,0,0,0,0,0,0,0,0,0
0,0,0,0,0,0,0,0,0,29,15,0,0,0,0,0,83,68,0,0,180,180,83,0,0,0,0,0,0,0,0,0,0,0
0,0,0,0,0,0,0,0,0,31,15,0,0,0,0,0,87,68,0,0,192,194,87,0,0,0,0,0,0,0,0,0,0,0
0,0,0,0,0,0,0,0,0,46,23,0,0,0,0,0,89,68,0,0,201,199,89,0,0,0,0,0,0,0,0,0,0,0
0,0,0,0,0,0,0,0,0,33,17,0,0,0,0,0,84,68,0,0,183,183,83,0,0,0,0,0,0,0,0,0,0,0
0,0,0,0,0,0,440,0,0,32,16,0,0,0,0,0,85,68,0,0,184,184,84,0,1,0,0,0,0,0,0,0,0,0
435592,35475,0,619,0,0,0,0,0,29,14,0,0,0,0,0,84,68,0,1,183,182,83,0,0,0,0,0,0,0,0,0,0,0
0,0,0,0,0,0,0,0,0,32,16,0,0,0,0,0,84,68,0,0,183,183,83,0,0,0,0,0,0,0,0,0,0,0
0,0,0,0,0,0,0,0,0,31,16,0,0,0,0,0,84,68,0,1,184,183,84,0,1,0,0,0,0,0,0,0,0,0
0,0,0,0,0,0,0,0,0,30,15,0,0,0,0,0,83,68,0,0,179,180,83,0,0,0,0,0,0,0,0,0,0,0
0,0,0,0,0,0,0,0,0,30,15,0,0,0,0,0,83,68,0,0,182,181,83,0,0,0,0,0,0,0,0,0,0,0
438784,39372,0,666,0,0,486,0,0,28,14,0,0,0,0,0,83,68,0,0,180,180,83,0,0,0,0,0,0,0,0,0,0,0
0,0,0,0,0,0,0,0,0,47,23,0,0,0,0,0,93,68,0,0,209,210,92,0,0,0,0,0,0,0,0,0,0,0
0,0,0,0,0,0,0,0,0,46,23,0,0,0,0,0,94,68,0,1,215,214,93,0,1,0,0,0,0,0,0,0,0,0
0,0,0,0,0,0,0,0,0,43,22,0,0,0,0,0,87,68,0,0,194,193,88,0,0,0,0,0,0,0,0,0,0,0
428792,28484,0,540,0,0,360,0,0,47,23,0,0,0,0,0,92,68,0,0,207,206,91,0,0,0,0,1,0,0,0,0,0,0
0,0,0,0,0,0,0,0,0,37,18,0,0,0,0,0,86,68,0,0,190,187,84,0,0,0,0,2,0,0,0,0,0,0
0,0,0,0,0,0,0,0,0,28,15,0,0,0,0,0,84,68,0,0,180,182,83,0,0,0,0,0,0,0,0,0,0,0
0,0,0,0,0,0,0,0,0,30,15,0,0,0,0,0,82,68,0,0,182,181,83,0,0,0,0,0,0,0,0,0,0,0
0,0,0,0,0,0,0,0,0,29,14,0,0,0,0,0,84,68,0,0,178,179,82,0,0,0,0,0,0,0,0,0,0,0
0,0,0,0,0,0,0,0,0,30,15,0,0,0,0,0,83,68,0,0,182,181,83,0,0,0,0,0,0,0,0,0,0,0
471349,40726,0,699,0,0,503,0,0,29,15,0,0,0,0,0,85,68,0,1,186,184,83,0,1,0,0,0,0,0,0,0,0,0
0,0,0,0,0,0,0,0,0,30,15,0,0,0,0,0,84,68,0,0,181,184,82,0,0,0,0,0,0,0,0,0,0,0
0,0,0,0,0,0,0,0,0,28,13,0,0,0,0,0,84,68,0,0,181,180,83,0,0,0,0,0,0,0,0,0,0,0
0,0,0,0,0,0,0,0,0,29,15,0,0,0,0,0,83,68,0,0,182,181,83,0,0,0,0,0,0,0,0,0,0,0
0,0,0,0,0,0,0,0,0,30,15,0,0,0,0,0,83,68,0,1,181,180,83,0,1,0,0,0,0,0,0,0,0,0
0,0,0,0,0,0,0,0,0,30,15,0,0,0,0,0,84,68,0,0,183,183,83,0,0,0,0,0,0,0,0,0,0,0
446495,40442,0,684,0,0,498,0,0,31,16,0,0,0,0,0,83,68,0,0,182,180,82,0,1,0,0,0,0,0,0,0,0,0
0,0,0,0,0,0,0,0,0,29,14,0,0,0,0,0,83,68,0,2,181,182,83,0,1,0,0,0,0,0,0,0,0,0
0,0,0,0,0,0,0,0,0,33,17,0,0,0,0,0,85,68,0,0,184,184,85,0,0,0,0,0,0,0,0,0,0,0
0,0,0,0,0,0,0,0,0,29,15,0,0,0,0,0,83,68,0,0,182,181,83,0,0,0,0,0,0,0,0,0,0,0
0,0,0,0,0,0,0,0,0,29,14,0,0,0,0,0,83,68,0,0,181,180,82,0,0,0,0,0,0,0,0,0,0,0
0,0,0,0,0,0,0,0,0,31,16,0,0,0,0,0,84,68,0,0,180,183,84,0,0,0,0,0,0,0,0,0,0,0
448894,40498,0,683,0,0,499,0,0,29,14,0,0,0,0,0,84,68,0,1,184,183,84,0,1,0,0,0,0,0,0,0,0,0
0,0,0,0,0,0,0,0,0,33,17,0,0,0,0,0,89,70,0,1,195,194,88,0,1,0,0,0,0,0,0,0,0,0
0,0,0,0,0,0,0,0,0,44,22,0,0,0,0,0,88,68,0,0,196,197,88,0,0,0,0,0,0,0,0,0,0,0
0,0,0,0,0,0,0,0,0,31,15,0,0,0,0,0,84,68,0,0,182,181,82,0,0,0,0,0,0,0,0,0,0,0
0,0,0,0,0,0,0,0,0,30,15,0,0,0,0,0,83,68,0,0,181,182,83,0,0,0,0,0,0,0,0,0,0,0
0,0,0,0,0,0,0,0,0,30,15,0,0,0,0,0,84,68,0,0,180,180,83,0,0,0,0,0,0,0,0,0,0,0
494240,41502,0,712,0,0,510,0,0,32,16,0,0,0,0,0,83,68,0,1,184,183,83,0,1,0,0,0,0,0,0,0,0,0
0,0,0,0,0,0,0,0,0,28,14,0,0,0,0,0,83,68,0,0,180,179,83,0,0,0,0,0,0,0,0,0,0,0
0,0,0,0,0,0,0,0,0,28,14,0,0,0,0,0,83,68,0,0,181,180,83,0,0,0,0,0,0,0,0,0,0,0
0,0,0,0,0,0,0,0,0,30,15,0,0,0,0,0,83,68,0,1,181,181,83,0,1,0,0,0,0,0,0,0,0,0
0,0,0,0,0,0,0,0,0,28,14,0,0,0,0,0,83,68,0,0,179,179,82,0,0,0,0,0,0,0,0,0,0,0
0,0,0,0,0,0,0,0,0,30,15,0,0,0,0,0,83,68,0,0,181,181,82,0,0,0,0,0,0,0,0,0,0,0
438319,40399,0,676,0,0,496,0,0,30,15,0,0,0,0,0,83,68,0,1,181,181,83,0,1,0,0,0,0,0,0,0,0,0
0,0,0,0,0,0,0,0,0,38,19,0,0,0,0,0,89,68,0,0,206,205,91,0,0,0,0,0,0,0,0,0,0,0
0,0,0,0,0,0,0,0,0,51,26,0,0,0,0,0,96,68,0,0,214,215,94,0,0,0,0,0,0,0,0,0,0,0
0,0,0,0,0,0,0,0,0,48,24,0,0,0,0,0,90,68,0,0,198,196,88,0,0,0,0,2,0,0,0,0,0,0
0,28671,0,545,0,0,363,0,0,48,24,0,0,0,0,0,90,68,0,0,218,215,98,0,0,0,0,1,0,0,0,0,0,0
427793,0,0,0,0,0,0,0,0,63,34,0,0,0,0,0,99,68,0,0,222,224,98,0,0,0,0,0,0,0,0,0,0,0
0,0,0,0,0,0,0,0,0,36,18,0,0,0,0,0,86,68,0,0,186,186,85,0,0,0,0,0,0,0,0,0,0,0
0,0,0,0,0,0,0,0,0,28,15,0,0,0,0,0,84,71,0,0,180,183,85,0,0,0,0,0,0,0,0,0,0,0
0,0,0,0,0,0,0,0,0,33,16,0,0,0,0,0,89,70,0,0,191,193,88,0,0,0,0,0,0,0,0,0,0,0
493404,35905,0,644,0,0,451,0,0,36,19,0,0,0,0,0,85,68,0,0,187,187,85,0,0,0,0,0,0,0,0,0,0,0
0,0,0,0,0,0,0,0,0,32,15,0,0,0,0,0,84,68,0,0,186,186,85,0,0,0,0,0,0,0,0,0,0,0
0,0,0,0,0,0,0,0,0,34,17,0,0,0,0,0,86,68,0,0,187,187,85,0,0,0,0,0,0,0,0,0,0,0
0,0,0,0,0,0,0,0,0,32,16,0,0,0,0,0,82,68,0,0,180,179,83,0,0,0,0,0,0,0,0,0,0,0
0,0,0,0,0,0,0,0,0,32,16,0,0,0,0,0,85,68,0,0,186,186,84,0,0,0,0,0,0,0,0,0,0,0
0,0,0,0,0,0,0,0,0,33,17,0,0,0,0,0,85,68,0,0,186,186,84,0,0,0,0,0,0,0,0,0,0,0
481436,40850,0,702,0,0,505,0,0,31,15,0,0,0,0,0,84,68,0,0,183,183,83,0,0,0,0,0,0,0,0,0,0,0
0,0,0,0,0,0,0,0,0,33,17,0,0,0,0,0,85,68,0,0,186,186,85,0,0,0,0,0,0,0,0,0,0,0
0,0,0,0,0,0,0,0,0,34,17,0,0,0,0,0,86,68,0,0,184,186,84,0,0,0,0,0,0,0,0,0,0,0
0,0,0,0,0,0,0,0,0,30,15,0,0,0,0,0,83,68,0,0,183,181,83,0,0,0,0,0,0,0,0,0,0,0
0,0,0,0,0,0,0,0,0,29,14,0,0,0,0,0,83,68,0,0,181,181,83,0,0,0,0,0,0,0,0,0,0,0
0,0,0,0,0,0,0,0,0,35,18,0,0,0,0,0,87,68,0,0,193,194,87,0,0,0,0,0,0,0,0,0,0,0
469458,40828,0,696,0,0,505,0,0,36,22,0,0,0,0,0,88,68,0,0,196,195,89,0,0,0,0,0,0,0,0,0,0,0
0,0,0,0,0,0,0,0,0,37,14,0,0,0,0,0,84,68,0,0,181,182,83,0,0,0,0,0,0,0,0,0,0,0
0,0,0,0,0,0,0,0,0,29,15,0,0,0,0,0,83,68,0,0,183,181,83,0,0,0,0,0,0,0,0,0,0,0
0,0,0,0,0,0,0,0,0,29,15,0,0,0,0,0,82,68,0,0,176,179,82,0,0,0,0,0,0,0,0,0,0,0
0,0,0,0,0,0,0,0,0,29,14,0,0,0,0,0,83,68,0,0,180,179,82,0,0,0,0,0,0,0,0,0,0,0
0,0,0,0,0,0,0,0,0,30,15,0,0,0,0,0,83,68,0,0,180,180,83,0,0,0,0,0,0,0,0,0,0,0
466320,40770,0,692,0,0,503,0,0,29,14,0,0,0,0,0,83,68,0,0,181,180,82,0,0,0,0,0,0,0,0,0,0,0
0,0,0,0,0,0,0,0,0,37,19,0,0,0,0,0,89,68,0,0,200,201,90,0,0,0,0,0,0,0,0,0,0,0
0,0,0,0,0,0,0,0,0,34,17,0,0,0,0,0,84,68,0,0,181,179,82,0,0,0,0,0,0,0,0,0,0,0
0,0,0,0,0,0,0,0,0,28,14,0,0,0,0,0,82,68,0,0,177,178,82,0,0,0,0,0,0,0,0,0,0,0
0,0,0,0,0,0,0,0,0,31,16,0,0,0,0,0,85,68,0,0,186,186,84,0,0,0,0,0,0,0,0,0,0,0
0,0,0,0,0,0,0,0,0,29,14,0,0,0,0,0,81,68,0,0,178,179,82,0,0,0,0,0,0,0,0,0,0,0
470838,40692,0,695,0,0,502,0,0,28,14,0,0,0,0,0,83,68,0,0,179,177,82,0,0,0,0,0,0,0,0,0,0,0
0,0,0,0,0,0,0,0,0,29,15,0,0,0,0,0,83,68,0,0,177,179,82,0,0,0,0,0,0,0,0,0,0,0
0,0,0,0,0,0,0,0,0,29,14,0,0,0,0,0,84,68,0,0,187,184,84,0,0,0,0,2,0,0,0,0,0,0
0,0,0,0,0,0,0,0,0,36,18,0,0,0,0,0,87,68,0,0,191,191,86,0,0,0,0,1,0,0,0,0,0,0
0,0,0,0,0,0,0,0,0,37,19,0,0,0,0,0,87,68,0,0,195,195,88,0,0,0,0,0,0,0,0,0,0,0
0,0,0,0,0,0,0,0,0,38,19,0,0,0,0,0,88,68,0,0,194,193,87,0,0,0,0,0,0,0,0,0,0,0
509106,41417,0,725,0,0,514,0,0,40,19,0,0,0,0,0,87,68,0,0,196,197,87,0,0,0,0,0,0,0,0,0,0,0
0,0,0,0,0,0,0,0,0,37,19,0,0,0,0,0,90,68,0,0,197,196,87,0,0,0,0,0,0,0,0,0,0,0
0,0,0,0,0,0,0,0,0,38,19,0,0,0,0,0,89,68,0,0,198,198,88,0,0,0,0,0,0,0,0,0,0,0
0,0,0,0,0,0,0,0,0,37,19,0,0,0,0,0,87,68,0,0,192,192,86,0,0,0,0,0,0,0,0,0,0,0
0,0,0,0,0,0,0,0,0,38,19,0,0,0,0,0,89,68,0,0,193,194,87,0,0,0,0,0,0,0,0,0,0,0
465640,35277,0,631,0,0,438,0,0,40,20,0,0,0,0,0,88,68,0,0,197,196,88,0,0,0,0,0,0,0,0,0,0,0
0,0,0,0,0,0,0,0,0,38,19,0,0,0,0,0,88,68,0,0,192,192,86,0,0,0,0,0,0,0,0,0,0,0
0,0,0,0,0,0,0,0,0,32,16,0,0,0,0,0,83,68,0,0,180,180,83,0,0,0,0,0,0,0,0,0,0,0
0,0,0,0,0,0,0,0,0,27,13,0,0,0,0,0,81,68,0,0,175,177,81,0,0,0,0,0,0,0,0,0,0,0
0,0,0,0,0,0,0,0,0,28,14,0,0,0,0,0,82,68,0,0,178,176,82,0,0,0,0,0,0,0,0,0,0,0
0,0,0,0,0,0,0,0,0,32,16,0,0,0,0,0,85,68,0,0,186,186,84,0,0,0,0,0,0,0,0,0,0,0
470838,40903,0,695,0,0,504,0,0,30,15,0,0,0,0,0,84,68,0,0,183,183,84,0,0,0,0,0,0,0,0,0,0,0
0,0,0,0,0,0,0,0,0,39,20,0,0,0,0,0,90,68,0,0,205,208,93,0,0,0,0,0,0,0,0,0,0,0
0,0,0,0,0,0,0,0,0,58,29,0,0,0,0,0,97,68,0,0,221,218,94,0,0,0,0,0,0,0,0,0,0,0
0,0,0,0,0,0,0,0,0,45,22,0,0,0,0,0,89,68,0,0,196,197,88,0,0,0,0,0,0,0,0,0,0,0
428520,28693,0,540,0,0,362,0,0,37,19,0,0,0,0,0,87,68,0,0,194,193,87,0,0,0,0,0,0,0,0,0,0,0
0,0,0,0,0,0,0,0,0,38,18,0,0,0,0,0,88,68,0,0,193,194,87,0,0,0,0,0,0,0,0,0,0,0
0,0,0,0,0,0,0,0,0,39,20,0,0,0,0,0,90,68,0,0,205,204,90,0,0,0,0,0,0,0,0,0,0,0
0,0,0,0,0,0,0,0,0,35,18,0,0,0,0,0,83,68,0,0,175,175,81,0,0,0,0,0,0,0,0,0,0,0
0,0,0,503,0,0,353,0,0,31,15,0,0,0,0,0,85,68,0,0,184,183,83,0,0,0,0,0,0,0,0,0,0,0
363958,28311,0,0,0,0,0,0,0,26,13,0,0,0,0,0,81,68,0,0,174,176,82,0,0,0,0,0,0,0,0,0,0,0
0,0,0,0,0,0,0,0,0,31,16,0,0,0,0,0,84,68,0,0,186,186,84,0,0,0,0,0,0,0,0,0,0,0
0,0,0,0,0,0,0,0,0,28,14,0,0,0,0,0,84,68,0,0,182,181,83,0,0,0,0,0,0,0,0,0,0,0
287108,26341,0,440,0,0,324,0,0,33,16,0,0,0,0,0,84,68,0,0,181,182,83,0,0,0,0,1,0,0,0,0,0,0
0,0,0,0,0,0,0,0,0,81,44,0,0,0,0,0,113,68,0,0,288,286,122,0,0,0,0,2,0,0,0,0,0,0
0,0,0,0,0,0,0,0,0,83,40,0,0,0,0,0,105,68,0,0,233,232,98,0,0,0,0,0,0,0,0,0,0,0
0,0,0,0,0,0,0,0,0,29,14,0,0,0,0,0,83,68,0,0,182,180,82,0,0,0,0,0,0,0,0,0,0,0
0,0,0,0,0,0,0,0,0,33,17,0,0,0,0,0,86,68,0,0,187,189,86,0,0,0,0,0,0,0,0,0,0,0
0,0,0,0,0,0,0,0,0,32,16,0,0,0,0,0,84,68,0,0,182,182,83,0,0,0,0,0,0,0,0,0,0,0
692242,43693,0,845,0,0,555,0,0,28,14,0,0,0,0,0,83,68,0,0,180,180,82,0,0,0,0,0,0,0,0,0,0,0
0,0,0,0,0,0,0,0,0,36,18,0,0,0,0,0,86,68,0,0,189,187,85,0,0,0,0,0,0,0,0,0,0,0
0,0,0,0,0,0,0,0,0,28,13,0,0,0,0,0,81,68,0,0,179,179,82,0,0,0,0,0,0,0,0,0,0,0
0,0,0,0,0,0,0,0,0,26,14,0,0,0,0,0,82,68,0,0,174,175,82,0,0,0,0,0,0,0,0,0,0,0
0,0,0,0,0,0,0,0,0,30,14,0,0,0,0,0,83,68,0,0,180,181,82,0,0,0,0,0,0,0,0,0,0,0
0,0,0,0,0,0,0,0,0,28,15,0,0,0,0,0,83,68,0,0,181,180,83,0,0,0,0,0,0,0,0,0,0,0
0,40545,0,676,0,0,498,0,0,27,14,0,0,0,0,0,83,68,0,0,178,177,81,0,0,0,0,0,0,0,0,0,0,0
439236,0,0,0,0,0,0,0,0,28,13,0,0,0,0,0,81,68,0,0,179,180,83,0,0,0,0,0,0,0,0,0,0,0
0,0,0,0,0,0,0,0,0,27,14,0,0,0,0,0,82,68,0,0,174,173,80,0,0,0,0,0,0,0,0,0,0,0
0,0,0,0,0,0,0,0,0,27,13,0,0,0,0,0,82,68,0,0,177,179,82,0,0,0,0,0,0,0,0,0,0,0
0,0,0,0,0,0,0,0,0,27,14,0,0,0,0,0,82,68,0,0,178,177,82,0,0,0,0,0,0,0,0,0,0,0
0,0,0,0,0,0,0,0,0,28,14,0,0,0,0,0,84,68,0,0,181,182,83,0,0,0,0,0,0,0,0,0,0,0
0,0,0,0,0,0,0,0,0,30,15,0,0,0,0,0,81,68,0,0,180,179,82,0,0,0,0,0,0,0,0,0,0,0
493428,46707,0,773,0,0,573,0,0,33,16,0,0,0,0,0,87,68,0,0,192,193,87,0,0,0,0,0,0,0,0,0,0,0
0,0,0,0,0,0,0,0,0,38,19,0,0,0,0,0,86,68,0,0,186,186,84,0,0,0,0,0,0,0,0,0,0,0
0,0,0,0,0,0,0,0,0,27,14,0,0,0,0,0,81,68,0,0,176,175,82,0,0,0,0,0,0,0,0,0,0,0
0,0,0,0,0,0,0,0,0,30,14,0,0,0,0,0,84,68,0,0,182,182,83,0,0,0,0,0,0,0,0,0,0,0
0,0,0,0,0,0,0,0,0,31,16,0,0,0,0,0,84,68,0,0,182,182,83,0,0,0,0,0,0,0,0,0,0,0
0,0,0,0,0,0,0,0,0,27,14,0,0,0,0,0,83,68,0,0,178,179,82,0,0,0,0,0,0,0,0,0,0,0
455718,40584,0,685,0,0,500,0,0,27,13,0,0,0,0,0,82,68,0,0,179,178,82,0,0,0,0,0,0,0,0,0,0,0
0,0,0,0,0,0,0,0,0,36,18,0,0,0,0,0,86,68,0,0,189,189,85,0,0,0,0,0,0,0,0,0,0,0
0,0,0,0,0,0,0,0,0,28,14,0,0,0,0,0,81,68,0,0,176,176,81,0,0,0,0,0,0,0,0,0,0,0
0,0,0,0,0,0,0,0,0,28,14,0,0,0,0,0,83,68,0,0,180,179,83,0,0,0,0,0,0,0,0,0,0,0
0,0,0,0,0,0,0,0,0,27,14,0,0,0,0,0,83,68,0,0,177,177,81,0,0,0,0,0,0,0,0,0,0,0
0,0,0,0,0,0,0,0,0,26,13,0,0,0,0,0,82,68,0,0,176,177,82,0,0,0,0,0,0,0,0,0,0,0
0,0,0,681,0,0,502,0,0,29,14,0,0,0,0,0,81,68,0,0,180,180,82,0,0,0,0,0,0,0,0,0,0,0
439654,40889,0,0,0,0,0,0,0,27,14,0,0,0,0,0,82,68,0,0,176,176,82,0,0,0,0,0,0,0,0,0,0,0
0,0,0,0,0,0,0,0,0,28,14,0,0,0,0,0,83,68,0,0,178,179,82,0,0,0,0,0,0,0,0,0,0,0
0,0,0,0,0,0,0,0,0,28,14,0,0,0,0,0,82,68,0,0,179,178,81,0,0,0,0,0,0,0,0,0,0,0
0,0,0,0,0,0,0,0,0,27,13,0,0,0,0,0,83,68,0,0,178,178,82,0,0,0,0,2,0,0,0,0,0,0
0,0,0,0,0,0,0,0,0,27,14,0,0,0,0,0,80,68,0,0,178,178,82,0,0,0,0,1,0,0,0,0,0,0
0,0,0,0,0,0,0,0,0,28,14,0,0,0,0,0,83,68,0,0,179,176,82,0,0,0,0,0,0,0,0,0,0,0
482698,46210,0,764,0,0,566,0,0,29,14,0,0,0,0,0,83,68,0,0,178,178,82,0,0,0,0,0,0,0,0,0,0,0
0,0,0,0,0,0,0,0,0,27,14,0,0,0,0,0,83,68,0,0,181,181,82,0,0,0,0,1,0,0,0,0,0,0
0,0,0,0,0,0,0,0,0,29,14,0,0,0,0,0,85,68,0,0,184,183,82,0,0,0,0,2,0,0,0,0,0,0
0,0,0,0,0,0,0,0,0,30,15,0,0,0,0,0,83,68,0,0,185,183,83,0,0,0,0,0,0,0,0,0,0,0
0,0,0,0,0,0,0,0,0,28,14,0,0,0,0,0,85,68,0,0,183,182,82,0,0,0,0,0,0,0,0,0,0,0
0,0,0,0,0,0,0,0,0,30,15,0,0,0,0,0,84,68,0,0,180,182,83,0,0,0,0,0,0,0,0,0,0,0
0,0,0,0,0,0,504,0,0,28,14,0,0,0,0,0,83,68,0,0,181,180,82,0,0,0,0,0,0,0,0,0,0,0
439718,41085,0,692,0,0,0,0,0,28,14,0,0,0,0,0,83,68,0,0,180,180,83,0,0,0,0,0,0,0,0,0,0,0
0,0,0,0,0,0,0,0,0,29,14,0,0,0,0,0,83,68,0,0,178,179,81,0,0,0,0,0,0,0,0,0,0,0
0,0,0,0,0,0,0,0,0,26,14,0,0,0,0,0,80,68,0,0,173,173,81,0,0,0,0,0,0,0,0,0,0,0
0,0,0,0,0,0,0,0,0,27,13,0,0,0,0,0,82,68,0,0,177,177,82,0,0,0,0,0,0,0,0,0,0,0
0,0,0,0,0,0,0,0,0,27,14,0,0,0,0,0,84,68,0,0,182,180,82,0,0,0,0,0,0,0,0,0,0,0
0,0,0,0,0,0,0,0,0,28,14,0,0,0,0,0,81,68,0,0,176,177,82,0,0,0,0,0,0,0,0,0,0,0
474790,46008,0,756,0,0,564,0,0,27,13,0,0,0,0,0,81,68,0,0,177,177,81,0,0,0,0,0,0,0,0,0,0,0
0,0,0,0,0,0,0,0,0,28,14,0,0,0,0,0,82,68,0,0,176,176,81,0,0,0,0,0,0,0,0,0,0,0
0,0,0,0,0,0,0,0,0,29,15,0,0,0,0,0,84,68,0,1,182,182,83,0,1,0,0,0,0,0,0,0,0,0
0,0,0,0,0,0,0,0,0,28,14,0,0,0,0,0,82,68,0,0,178,177,82,0,0,0,0,0,0,0,0,0,0,0
0,0,0,0,0,0,0,0,0,27,13,0,0,0,0,0,83,68,0,1,182,183,84,0,1,0,0,0,0,0,0,0,0,0
0,0,0,0,0,0,0,0,0,38,19,0,0,0,0,0,88,68,0,1,195,192,86,0,1,0,0,0,0,0,0,0,0,0
449178,40482,0,683,0,0,498,0,0,30,15,0,0,0,0,0,83,68,0,0,178,179,82,0,0,0,0,0,0,0,0,0,0,0
0,0,0,0,0,0,0,0,0,28,14,0,0,0,0,0,81,68,0,0,176,176,82,0,0,0,0,0,0,0,0,0,0,0
0,0,0,0,0,0,0,0,0,27,14,0,0,0,0,0,82,68,0,0,177,177,81,0,0,0,0,0,0,0,0,0,0,0
0,0,0,0,0,0,0,0,0,28,13,0,0,0,0,0,83,68,0,1,180,177,82,0,1,0,0,0,0,0,0,0,0,0
0,0,0,0,0,0,0,0,0,25,14,0,0,0,0,0,81,68,0,0,176,177,81,0,0,0,0,0,0,0,0,0,0,0
0,0,0,0,0,0,0,0,0,29,14,0,0,0,0,0,82,68,0,0,181,180,83,0,0,0,0,0,0,0,0,0,0,0
0,0,0,0,0,0,0,0,0,27,13,0,0,0,0,0,82,68,0,0,173,175,80,0,0,0,0,0,0,0,0,0,0,0
484804,46739,0,769,0,0,572,0,0,28,14,0,0,0,0,0,83,68,0,0,180,180,83,0,1,0,0,0,0,0,0,0,0,0
0,0,0,0,0,0,0,0,0,28,14,0,0,0,0,0,82,68,0,1,179,177,82,0,0,0,0,0,0,0,0,0,0,0
0,0,0,0,0,0,0,0,0,26,13,0,0,0,0,0,82,68,0,0,178,177,81,0,0,0,0,0,0,0,0,0,0,0
0,0,0,0,0,0,0,0,0,28,14,0,0,0,0,0,81,68,0,0,175,176,82,0,0,0,0,0,0,0,0,0,0,0
0,0,0,0,0,0,0,0,0,27,14,0,0,0,0,0,82,68,0,0,178,177,81,0,0,0,0,0,0,0,0,0,0,0
0,0,0,0,0,0,0,0,0,27,13,0,0,0,0,0,83,68,0,0,178,178,82,0,0,0,0,0,0,0,0,0,0,0
0,0,0,0,0,0,0,0,0,28,14,0,0,0,0,0,82,68,0,0,178,180,82,0,0,0,0,0,0,0,0,0,0,0
478834,46783,0,766,0,0,573,0,0,27,14,0,0,0,0,0,83,68,0,0,179,178,82,0,0,0,0,0,0,0,0,0,0,0
0,0,0,0,0,0,0,0,0,28,14,0,0,0,0,0,81,68,0,0,177,176,82,0,0,0,0,1,0,0,0,0,0,0
0,0,0,0,0,0,0,0,0,29,14,0,0,0,0,0,83,68,0,1,181,179,81,0,1,0,0,2,0,0,0,0,0,0
0,0,0,0,0,0,0,0,0,27,14,0,0,0,0,0,82,68,0,0,179,177,82,0,0,0,0,0,0,0,0,0,0,0
0,0,0,0,0,0,0,0,0,28,14,0,0,0,0,0,83,68,0,0,177,179,82,0,0,0,0,0,0,0,0,0,0,0
0,0,0,0,0,0,0,0,0,26,12,0,0,0,0,0,80,68,0,0,177,177,82,0,0,0,0,0,0,0,0,0,0,0
0,0,0,0,0,0,0,0,0,27,14,0,0,0,0,0,82,68,0,0,175,174,80,0,0,0,0,0,0,0,0,0,0,0
482136,46731,0,771,0,0,572,0,0,26,13,0,0,0,0,0,82,68,0,0,177,176,82,0,0,0,0,0,0,0,0,0,0,0
0,0,0,0,0,0,0,0,0,28,14,0,0,0,0,0,83,68,0,0,178,179,82,0,0,0,0,0,0,0,0,0,0,0
0,0,0,0,0,0,0,0,0,27,14,0,0,0,0,0,82,68,0,0,178,178,82,0,0,0,0,0,0,0,0,0,0,0
0,0,0,0,0,0,0,0,0,28,14,0,0,0,0,0,81,68,0,0,176,176,81,0,0,0,0,0,0,0,0,0,0,0
0,0,0,0,0,0,0,0,0,28,14,0,0,0,0,0,83,68,0,0,178,179,82,0,0,0,0,0,0,0,0,0,0,0
0,0,0,0,0,0,0,0,0,26,13,0,0,0,0,0,82,68,0,1,177,176,81,0,1,0,0,0,0,0,0,0,0,0
0,0,0,0,0,0,0,0,0,26,13,0,0,0,0,0,82,68,0,0,177,177,82,0,0,0,0,0,0,0,0,0,0,0
478760,46689,0,765,0,0,571,0,0,27,13,0,0,0,0,0,80,68,0,0,175,174,81,0,0,0,0,0,0,0,0,0,0,0
0,0,0,0,0,0,0,0,0,27,14,0,0,0,0,0,82,68,0,0,177,177,81,0,0,0,0,0,0,0,0,0,0,0
0,0,0,0,0,0,0,0,0,27,13,0,0,0,0,0,83,68,0,0,179,178,82,0,0,0,0,0,0,0,0,0,0,0
0,0,0,0,0,0,0,0,0,28,14,0,0,0,0,0,82,68,0,0,177,178,82,0,0,0,0,0,0,0,0,0,0,0
0,0,0,0,0,0,0,0,0,26,13,0,0,0,0,0,81,68,0,0,177,177,81,0,0,0,0,0,0,0,0,0,0,0
0,0,0,0,0,0,0,0,0,28,14,0,0,0,0,0,83,68,0,0,179,179,82,0,0,0,0,0,0,0,0,0,0,0
0,0,0,0,0,0,0,0,0,29,15,0,0,0,0,0,82,68,0,0,178,177,82,0,0,0,0,0,0,0,0,0,0,0
484536,46837,0,769,0,0,574,0,0,28,14,0,0,0,0,0,84,68,0,0,179,179,82,0,0,0,0,0,0,0,0,0,0,0
0,0,0,0,0,0,0,0,0,28,14,0,0,0,0,0,83,68,0,1,186,186,85,0,1,0,0,0,0,0,0,0,0,0
0,0,0,0,0,0,0,0,0,41,20,0,0,0,0,0,89,68,0,0,193,194,86,0,0,0,0,0,0,0,0,0,0,0
0,0,0,0,0,0,0,0,0,30,15,0,0,0,0,0,83,68,0,0,179,178,83,0,0,0,0,0,0,0,0,0,0,0
0,0,0,0,0,0,0,0,0,27,13,0,0,0,0,0,80,68,0,0,178,179,82,0,0,0,0,0,0,0,0,0,0,0
0,0,0,0,0,0,0,0,0,27,14,0,0,0,0,0,82,68,0,1,176,174,81,0,1,0,0,0,0,0,0,0,0,0
450338,40482,0,683,0,0,498,0,0,27,14,0,0,0,0,0,83,68,0,0,178,177,81,0,0,0,0,0,0,0,0,0,0,0
0,0,0,0,0,0,0,0,0,28,13,0,0,0,0,0,82,68,0,0,178,179,82,0,0,0,0,0,0,0,0,0,0,0
0,0,0,0,0,0,0,0,0,28,14,0,0,0,0,0,84,68,0,0,181,181,83,0,0,0,0,0,0,0,0,0,0,0
0,0,0,0,0,0,0,0,0,28,15,0,0,0,0,0,81,68,0,0,180,180,83,0,0,0,0,0,0,0,0,0,0,0
0,0,0,0,0,0,0,0,0,30,15,0,0,0,0,0,83,68,0,0,176,177,81,0,0,0,0,0,0,0,0,0,0,0
0,0,0,0,0,0,0,0,0,28,14,0,0,0,0,0,83,68,0,1,181,180,82,0,1,0,0,0,0,0,0,0,0,0
0,0,0,0,0,0,0,0,0,28,14,0,0,0,0,0,82,68,0,0,179,177,82,0,0,0,0,0,0,0,0,0,0,0
492398,46851,0,774,0,0,574,0,0,28,14,0,0,0,0,0,84,68,0,1,186,186,85,0,1,0,0,0,0,0,0,0,0,0
0,0,0,0,0,0,0,0,0,66,32,0,0,0,0,0,102,68,0,1,232,232,99,0,1,0,0,0,0,0,0,0,0,0
0,0,0,0,0,0,0,0,0,30,15,0,0,0,0,0,82,68,0,1,183,181,83,0,1,0,0,0,0,0,0,0,0,0
0,0,0,0,0,0,0,0,0,32,16,0,0,0,0,0,84,68,0,0,181,181,83,0,0,0,0,1,0,0,0,0,0,0
0,0,0,0,0,0,0,0,0,28,14,0,0,0,0,0,83,68,0,1,186,182,83,0,1,0,0,2,0,0,0,0,0,0
465062,35537,0,635,0,0,440,0,0,31,16,0,0,0,0,0,86,72,0,0,181,185,87,0,0,0,0,1,0,0,0,0,0,0
0,0,0,0,0,0,0,0,0,35,17,0,0,0,0,0,88,68,0,0,198,200,90,0,0,0,0,2,0,0,0,0,0,0
0,0,0,0,0,0,0,0,0,33,17,0,0,0,0,0,87,72,0,0,183,183,84,0,0,0,0,0,0,0,0,0,0,0
0,0,0,0,0,0,0,0,0,30,14,0,0,0,0,0,86,72,0,0,182,187,87,0,0,0,0,0,0,0,0,0,0,0
0,0,0,0,0,0,0,0,0,28,15,0,0,0,0,0,85,68,0,1,184,182,82,0,1,0,0,0,0,0,0,0,0,0
0,0,0,0,0,0,0,0,0,30,15,0,0,0,0,0,85,68,0,0,187,187,86,0,1,0,0,0,0,0,0,0,0,0
463904,42410,0,702,0,0,514,0,0,32,15,0,0,0,0,0,85,72,0,1,184,188,86,0,0,0,0,0,0,0,0,0,0,0
0,0,0,0,0,0,0,0,0,30,15,0,0,0,0,0,84,69,0,0,179,179,82,0,0,0,0,0,0,0,0,0,0,0
0,0,0,0,0,0,0,0,0,29,15,0,0,0,0,0,84,68,0,0,181,180,83,0,0,0,0,0,0,0,0,0,0,0
0,0,0,0,0,0,0,0,0,30,15,0,0,0,0,0,83,68,0,0,180,180,83,0,0,0,0,0,0,0,0,0,0,0
0,0,0,0,0,0,0,0,0,29,14,0,0,0,0,0,84,68,0,1,182,182,83,0,1,0,0,0,0,0,0,0,0,0
0,0,0,0,0,0,0,0,0,29,15,0,0,0,0,0,83,68,0,0,182,181,83,0,0,0,0,0,0,0,0,0,0,0
442424,40610,0,678,0,0,499,0,0,30,15,0,0,0,0,0,82,68,0,0,181,182,83,0,0,0,0,0,0,0,0,0,0,0
0,0,0,0,0,0,0,0,0,30,15,0,0,0,0,0,83,68,0,1,179,177,82,0,1,0,0,0,0,0,0,0,0,0
0,0,0,0,0,0,0,0,0,29,15,0,0,0,0,0,83,68,0,0,181,182,83,0,0,0,0,0,0,0,0,0,0,0
0,0,0,0,0,0,0,0,0,31,15,0,0,0,0,0,88,68,0,1,196,193,87,0,1,0,0,0,0,0,0,0,0,0
0,0,0,0,0,0,0,0,0,38,19,0,0,0,0,0,84,68,0,0,183,183,83,0,0,0,0,0,0,0,0,0,0,0
0,0,0,0,0,0,0,0,0,37,19,0,0,0,0,0,90,68,0,0,201,209,91,0,0,0,0,3,0,0,0,0,0,0
517716,41276,0,753,0,0,513,0,0,44,22,0,0,0,0,0,97,68,0,0,224,207,86,0,0,0,0,6,0,0,0,0,0,0
0,0,0,0,0,0,0,0,0,32,16,0,0,0,0,0,85,68,0,0,183,187,84,0,0,0,0,0,0,0,0,0,0,0
0,0,0,0,0,0,0,0,0,34,17,0,0,0,0,0,86,68,0,0,186,184,85,0,0,0,0,1,0,0,0,0,0,0
0,0,0,0,0,0,0,0,0,31,15,0,0,0,0,0,86,68,0,0,189,187,83,0,0,0,0,2,0,0,0,0,0,0
0,0,0,0,0,0,0,0,0,29,15,0,0,0,0,0,85,68,0,0,189,187,83,0,0,0,0,4,0,0,0,0,0,0
0,0,0,0,0,0,0,0,0,32,16,0,0,0,0,0,87,68,0,0,194,187,84,0,0,0,0,2,0,0,0,0,0,0
443376,38225,0,675,0,0,472,0,0,31,15,0,0,0,0,0,83,68,0,0,180,181,83,0,0,0,0,0,0,0,0,0,0,0
0,0,0,0,0,0,0,0,0,30,15,0,0,0,0,0,87,68,0,0,199,200,89,0,0,0,0,0,0,0,0,0,0,0
0,0,0,0,0,0,0,0,0,42,21,0,0,0,0,0,86,68,0,1,183,180,83,0,1,0,0,0,0,0,0,0,0,0
0,0,0,0,0,0,0,0,0,29,15,0,0,0,0,0,83,68,0,0,180,182,83,0,0,0,0,0,0,0,0,0,0,0
0,0,0,0,0,0,0,0,0,29,14,0,0,0,0,0,84,68,0,0,182,181,83,0,0,0,0,0,0,0,0,0,0,0
0,0,0,639,0,0,459,0,0,31,16,0,0,0,0,0,83,68,0,0,186,186,84,0,0,0,0,0,0,0,0,0,0,0
434762,37157,0,0,0,0,0,0,0,33,16,0,0,0,0,0,85,68,0,2,182,183,84,0,2,0,0,0,0,0,0,0,0,0
0,0,0,0,0,0,0,0,0,29,15,0,0,0,0,0,83,68,0,0,181,179,82,0,0,0,0,0,0,0,0,0,0,0
0,0,0,0,0,0,0,0,0,30,15,0,0,0,0,0,83,68,0,1,182,180,83,0,1,0,0,0,0,0,0,0,0,0
0,0,0,0,0,0,0,0,0,30,15,0,0,0,0,0,84,68,0,0,182,182,83,0,0,0,0,0,0,0,0,0,0,0
0,0,0,0,0,0,0,0,0,29,14,0,0,0,0,0,83,68,0,0,180,180,82,0,0,0,0,0,0,0,0,0,0,0
444152,39935,0,675,0,0,492,0,0,28,14,0,0,0,0,0,83,68,0,0,181,182,83,0,0,0,0,0,0,0,0,0,0,0
0,0,0,0,0,0,0,0,0,30,15,0,0,0,0,0,82,68,0,1,181,178,82,0,1,0,0,0,0,0,0,0,0,0
0,0,0,0,0,0,0,0,0,29,14,0,0,0,0,0,83,68,0,1,178,178,82,0,1,0,0,0,0,0,0,0,0,0
0,0,0,0,0,0,0,0,0,29,15,0,0,0,0,0,83,68,0,0,182,183,83,0,0,0,0,0,0,0,0,0,0,0
0,0,0,0,0,0,0,0,0,30,15,0,0,0,0,0,84,68,0,0,183,183,84,0,0,0,0,0,0,0,0,0,0,0
0,0,0,0,0,0,0,0,0,31,16,0,0,0,0,0,84,68,0,0,181,180,83,0,0,0,0,0,0,0,0,0,0,0
445796,40450,0,680,0,0,497,0,0,29,15,0,0,0,0,0,84,68,0,0,181,182,83,0,0,0,0,0,0,0,0,0,0,0
0,0,0,0,0,0,0,0,0,29,14,0,0,0,0,0,81,68,0,0,180,180,82,0,1,0,0,0,0,0,0,0,0,0
0,0,0,0,0,0,0,0,0,30,15,0,0,0,0,0,84,68,0,1,180,179,83,0,0,0,0,0,0,0,0,0,0,0
0,0,0,0,0,0,0,0,0,29,14,0,0,0,0,0,83,68,0,0,180,180,82,0,0,0,0,0,0,0,0,0,0,0
0,0,0,0,0,0,0,0,0,30,15,0,0,0,0,0,84,68,0,0,182,181,83,0,0,0,0,0,0,0,0,0,0,0
0,0,0,0,0,0,0,0,0,29,15,0,0,0,0,0,82,68,0,1,181,179,82,0,1,0,0,0,0,0,0,0,0,0
0,40575,0,677,0,0,498,0,0,28,14,0,0,0,0,0,84,68,0,0,182,183,84,0,0,0,0,0,0,0,0,0,0,0
438410,0,0,0,0,0,0,0,0,30,15,0,0,0,0,0,83,68,0,0,180,180,82,0,0,0,0,0,0,0,0,0,0,0
0,0,0,0,0,0,0,0,0,30,14,0,0,0,0,0,82,68,0,0,177,178,82,0,0,0,0,0,0,0,0,0,0,0
0,0,0,0,0,0,0,0,0,29,15,0,0,0,0,0,83,68,0,0,182,181,83,0,0,0,0,0,0,0,0,0,0,0
0,0,0,0,0,0,0,0,0,38,20,0,0,0,0,0,89,68,0,1,204,205,91,0,1,0,0,0,0,0,0,0,0,0
0,0,0,0,0,0,435,0,0,48,23,0,0,0,0,0,94,68,0,0,209,207,92,0,0,0,0,0,0,0,0,0,0,0
433954,35031,0,614,0,0,0,0,0,47,24,0,0,0,0,0,91,68,0,0,205,205,90,0,0,0,0,0,0,0,0,0,0,0
0,0,0,0,0,0,0,0,0,44,22,0,0,0,0,0,92,68,0,0,214,217,95,0,0,0,0,0,0,0,0,0,0,0
0,0,0,0,0,0,0,0,0,74,37,0,0,0,0,0,104,68,0,0,239,238,101,0,0,0,0,0,0,0,0,0,0,0
485310,28495,0,570,0,0,365,0,0,40,20,0,0,0,0,0,90,68,0,0,192,190,86,0,0,0,0,0,0,0,0,0,0,0
0,0,0,0,0,0,0,0,0,35,17,0,0,0,0,0,87,68,0,0,192,192,87,0,0,0,0,0,0,0,0,0,0,0
0,0,0,0,0,0,0,0,0,36,18,0,0,0,0,0,85,68,0,1,188,187,84,0,1,0,0,0,0,0,0,0,0,0
0,0,0,0,0,0,0,0,0,35,18,0,0,0,0,0,86,68,0,0,188,188,86,0,0,0,0,0,0,0,0,0,0,0
0,0,0,0,0,0,0,0,0,35,17,0,0,0,0,0,86,68,0,0,190,191,86,0,0,0,0,0,0,0,0,0,0,0
433340,34453,0,607,0,0,428,0,0,34,17,0,0,0,0,0,86,68,0,0,186,186,84,0,0,0,0,0,0,0,0,0,0,0
0,0,0,0,0,0,0,0,0,34,17,0,0,0,0,0,83,68,0,0,188,187,85,0,0,0,0,0,0,0,0,0,0,0
0,0,0,0,0,0,0,0,0,33,17,0,0,0,0,0,85,68,0,0,184,185,85,0,1,0,0,0,0,0,0,0,0,0
0,0,0,0,0,0,0,0,0,33,16,0,0,0,0,0,85,68,0,1,185,183,84,0,0,0,0,0,0,0,0,0,0,0
0,0,0,0,0,0,0,0,0,32,16,0,0,0,0,0,85,68,0,0,184,185,83,0,0,0,0,0,0,0,0,0,0,0
0,0,0,0,0,0,0,0,0,33,17,0,0,0,0,0,85,68,0,0,187,187,85,0,0,0,0,0,0,0,0,0,0,0
493892,41044,0,711,0,0,508,0,0,34,17,0,0,0,0,0,87,68,0,0,194,193,86,0,0,0,0,0,0,0,0,0,0,0
0,0,0,0,0,0,0,0,0,34,17,0,0,0,0,0,87,68,0,0,188,190,84,0,0,0,0,0,0,0,0,0,0,0
0,0,0,0,0,0,0,0,0,33,16,0,0,0,0,0,86,68,0,1,190,188,85,0,1,0,0,0,0,0,0,0,0,0
0,0,0,0,0,0,0,0,0,34,18,0,0,0,0,0,86,68,0,0,188,187,85,0,0,0,0,0,0,0,0,0,0,0
0,0,0,0,0,0,0,0,0,34,16,0,0,0,0,0,85,68,0,0,187,188,85,0,0,0,0,0,0,0,0,0,0,0
0,0,0,0,0,0,441,0,0,35,18,0,0,0,0,0,86,68,0,0,188,187,85,0,0,0,0,0,0,0,0,0,0,0
433892,35544,0,624,0,0,0,0,0,33,16,0,0,0,0,0,86,68,0,0,187,188,85,0,0,0,0,0,0,0,0,0,0,0
0,0,0,0,0,0,0,0,0,33,17,0,0,0,0,0,85,68,0,0,185,184,84,0,0,0,0,0,0,0,0,0,0,0
0,0,0,0,0,0,0,0,0,33,16,0,0,0,0,0,84,68,0,0,186,187,85,0,0,0,0,0,0,0,0,0,0,0
0,0,0,0,0,0,0,0,0,33,17,0,0,0,0,0,85,68,0,0,185,184,84,0,0,0,0,0,0,0,0,0,0,0
0,0,0,0,0,0,0,0,0,32,16,0,0,0,0,0,85,68,0,0,186,186,84,0,0,0,0,0,0,0,0,0,0,0
472780,39765,0,685,0,0,492,0,0,32,16,0,0,0,0,0,85,68,0,0,186,186,85,0,0,0,0,0,0,0,0,0,0,0
0,0,0,0,0,0,0,0,0,33,16,0,0,0,0,0,85,68,0,0,187,186,84,0,0,0,0,0,0,0,0,0,0,0
0,0,0,0,0,0,0,0,0,35,18,0,0,0,0,0,86,68,0,1,189,189,86,0,1,0,0,0,0,0,0,0,0,0
0,0,0,0,0,0,0,0,0,34,16,0,0,0,0,0,87,69,0,0,187,189,86,0,0,0,0,0,0,0,0,0,0,0
0,0,0,0,0,0,0,0,0,33,17,0,0,0,0,0,85,68,0,0,188,186,84,0,0,0,0,0,0,0,0,0,0,0
0,0,0,0,0,0,0,0,0,34,17,0,0,0,0,0,83,68,0,0,186,187,85,0,0,0,0,0,0,0,0,0,0,0
434618,35941,0,621,0,0,443,0,0,33,17,0,0,0,0,0,85,68,0,0,184,185,84,0,0,0,0,0,0,0,0,0,0,0
0,0,0,0,0,0,0,0,0,32,16,0,0,0,0,0,85,68,0,0,183,183,85,0,0,0,0,0,0,0,0,0,0,0
0,0,0,0,0,0,0,0,0,33,17,0,0,0,0,0,85,68,0,0,188,188,84,0,0,0,0,0,0,0,0,0,0,0
0,0,0,0,0,0,0,0,0,34,16,0,0,0,0,0,85,68,0,0,186,186,85,0,0,0,0,0,0,0,0,0,0,0
0,0,0,0,0,0,0,0,0,33,17,0,0,0,0,0,86,68,0,0,188,187,85,0,0,0,0,0,0,0,0,0,0,0
478712,39631,0,688,0,0,491,0,0,34,17,0,0,0,0,0,85,68,0,0,185,186,84,0,0,0,0,0,0,0,0,0,0,0
0,0,0,0,0,0,0,0,0,33,16,0,0,0,0,0,85,68,0,0,187,186,85,0,0,0,0,0,0,0,0,0,0,0
0,0,0,0,0,0,0,0,0,32,16,0,0,0,0,0,85,68,0,1,187,186,84,0,1,0,0,0,0,0,0,0,0,0
0,0,0,0,0,0,0,0,0,33,17,0,0,0,0,0,85,68,0,0,184,185,84,0,0,0,0,0,0,0,0,0,0,0
0,0,0,0,0,0,0,0,0,33,16,0,0,0,0,0,85,68,0,0,187,186,85,0,0,0,0,0,0,0,0,0,0,0
0,0,0,0,0,0,0,0,0,33,17,0,0,0,0,0,85,68,0,0,186,186,84,0,0,0,0,0,0,0,0,0,0,0
483368,40980,0,705,0,0,507,0,0,32,16,0,0,0,0,0,85,68,0,0,186,186,84,0,0,0,0,0,0,0,0,0,0,0
0,0,0,0,0,0,0,0,0,34,16,0,0,0,0,0,85,68,0,0,186,186,85,0,0,0,0,0,0,0,0,0,0,0
0,0,0,0,0,0,0,0,0,32,16,0,0,0,0,0,84,68,0,0,186,185,84,0,0,0,0,0,0,0,0,0,0,0
0,0,0,0,0,0,0,0,0,33,17,0,0,0,0,0,86,68,0,0,186,187,85,0,0,0,0,0,0,0,0,0,0,0
0,0,0,0,0,0,0,0,0,34,17,0,0,0,0,0,84,68,0,1,190,189,86,0,1,0,0,0,0,0,0,0,0,0
0,0,0,0,0,0,0,0,0,34,17,0,0,0,0,0,87,68,0,0,186,186,84,0,0,0,0,0,0,0,0,0,0,0
496930,41046,0,713,0,0,508,0,0,33,17,0,0,0,0,0,85,68,0,0,187,188,85,0,0,0,0,0,0,0,0,0,0,0
0,0,0,0,0,0,0,0,0,35,17,0,0,0,0,0,84,68,0,0,188,187,85,0,0,0,0,0,0,0,0,0,0,0
0,0,0,0,0,0,0,0,0,32,16,0,0,0,0,0,85,68,0,0,186,185,84,0,0,0,0,0,0,0,0,0,0,0
0,0,0,0,0,0,0,0,0,34,17,0,0,0,0,0,86,68,0,0,183,187,85,0,0,0,0,0,0,0,0,0,0,0
0,0,0,0,0,0,0,0,0,33,17,0,0,0,0,0,85,68,0,0,187,185,85,0,0,0,0,0,0,0,0,0,0,0
0,0,0,0,0,0,0,0,0,32,16,0,0,0,0,0,84,68,0,0,185,185,84,0,0,0,0,0,0,0,0,0,0,0
493610,41714,0,711,0,0,513,0,0,34,17,0,0,0,0,0,85,68,0,1,187,185,84,0,1,0,0,0,0,0,0,0,0,0
0,0,0,0,0,0,0,0,0,32,16,0,0,0,0,0,85,68,0,0,185,185,84,0,0,0,0,0,0,0,0,0,0,0
0,0,0,0,0,0,0,0,0,34,16,0,0,0,0,0,85,68,0,0,186,186,85,0,0,0,0,0,0,0,0,0,0,0
0,0,0,0,0,0,0,0,0,31,16,0,0,0,0,0,85,68,0,0,184,185,84,0,0,0,0,0,0,0,0,0,0,0
0,0,0,0,0,0,0,0,0,33,17,0,0,0,0,0,85,68,0,0,187,186,84,0,0,0,0,0,0,0,0,0,0,0
0,0,0,0,0,0,0,0,0,32,16,0,0,0,0,0,84,68,0,0,184,185,84,0,0,0,0,0,0,0,0,0,0,0
478824,41027,0,702,0,0,506,0,0,31,15,0,0,0,0,0,85,68,0,0,185,183,84,0,0,0,0,0,0,0,0,0,0,0
0,0,0,0,0,0,0,0,0,32,16,0,0,0,0,0,84,68,0,0,184,186,84,0,0,0,0,0,0,0,0,0,0,0
0,0,0,0,0,0,0,0,0,33,16,0,0,0,0,0,85,68,0,0,185,184,84,0,0,0,0,0,0,0,0,0,0,0
0,0,0,0,0,0,0,0,0,34,18,0,0,0,0,0,86,68,0,0,190,191,86,0,0,0,0,0,0,0,0,0,0,0
0,0,0,0,0,0,0,0,0,34,17,0,0,0,0,0,86,68,0,0,188,187,85,0,0,0,0,0,0,0,0,0,0,0
0,0,0,0,0,0,0,0,0,33,16,0,0,0,0,0,83,68,0,0,184,185,84,0,0,0,0,0,0,0,0,0,0,0
495064,41201,0,711,0,0,509,0,0,33,17,0,0,0,0,0,85,68,0,0,186,186,85,0,0,0,0,0,0,0,0,0,0,0
0,0,0,0,0,0,0,0,0,33,16,0,0,0,0,0,85,68,0,0,182,182,83,0,0,0,0,0,0,0,0,0,0,0
0,0,0,0,0,0,0,0,0,31,16,0,0,0,0,0,84,68,0,0,185,183,84,0,0,0,0,0,0,0,0,0,0,0
0,0,0,0,0,0,0,0,0,31,15,0,0,0,0,0,84,68,0,0,183,184,84,0,0,0,0,0,0,0,0,0,0,0
0,0,0,0,0,0,0,0,0,33,17,0,0,0,0,0,85,68,0,0,187,188,85,0,0,0,0,0,0,0,0,0,0,0
0,0,0,0,0,0,0,0,0,33,16,0,0,0,0,0,86,68,0,0,185,184,84,0,0,0,0,0,0,0,0,0,0,0
481502,40924,0,703,0,0,506,0,0,33,17,0,0,0,0,0,85,68,0,0,186,186,84,0,0,0,0,0,0,0,0,0,0,0
0,0,0,0,0,0,0,0,0,32,16,0,0,0,0,0,83,68,0,0,183,184,83,0,0,0,0,0,0,0,0,0,0,0
0,0,0,0,0,0,0,0,0,31,15,0,0,0,0,0,85,68,0,0,185,184,85,0,0,0,0,0,0,0,0,0,0,0
0,0,0,0,0,0,0,0,0,31,16,0,0,0,0,0,85,68,0,0,184,185,84,0,0,0,0,0,0,0,0,0,0,0
0,0,0,0,0,0,0,0,0,33,16,0,0,0,0,0,84,68,0,0,186,186,84,0,0,0,0,0,0,0,0,0,0,0
0,0,0,0,0,0,0,0,0,33,17,0,0,0,0,0,85,68,0,0,185,188,85,0,0,0,0,0,0,0,0,0,0,0
478689,40922,0,702,0,0,506,0,0,33,16,0,0,0,0,0,86,68,0,0,191,188,84,0,0,0,0,0,0,0,0,0,0,0
0,0,0,0,0,0,0,0,0,32,16,0,0,0,0,0,86,68,0,0,185,184,84,0,0,0,0,0,0,0,0,0,0,0
0,0,0,0,0,0,0,0,0,32,17,0,0,0,0,0,85,68,0,0,187,188,84,0,0,0,0,0,0,0,0,0,0,0
0,0,0,0,0,0,0,0,0,34,16,0,0,0,0,0,85,68,0,0,186,186,85,0,0,0,0,0,0,0,0,0,0,0
0,0,0,0,0,0,0,0,0,33,17,0,0,0,0,0,86,68,0,0,188,187,85,0,0,0,0,0,0,0,0,0,0,0
0,0,0,0,0,0,0,0,0,34,17,0,0,0,0,0,85,68,0,0,186,186,84,0,0,0,0,0,0,0,0,0,0,0
489643,41099,0,710,0,0,507,0,0,34,17,0,0,0,0,0,85,68,0,0,187,188,85,0,0,0,0,0,0,0,0,0,0,0
0,0,0,0,0,0,0,0,0,32,16,0,0,0,0,0,85,68,0,0,185,184,84,0,0,0,0,0,0,0,0,0,0,0
0,0,0,0,0,0,0,0,0,33,16,0,0,0,0,0,86,68,0,0,187,186,85,0,0,0,0,0,0,0,0,0,0,0
0,0,0,0,0,0,0,0,0,32,16,0,0,0,0,0,84,68,0,0,184,185,84,0,0,0,0,0,0,0,0,0,0,0
0,0,0,0,0,0,0,0,0,32,16,0,0,0,0,0,84,68,0,0,186,186,84,0,0,0,0,0,0,0,0,0,0,0
0,0,0,0,0,0,0,0,0,34,17,0,0,0,0,0,86,68,0,0,186,186,85,0,0,0,0,0,0,0,0,0,0,0
486058,41046,0,706,0,0,508,0,0,33,17,0,0,0,0,0,86,69,0,0,186,188,86,0,0,0,0,0,0,0,0,0,0,0
0,0,0,0,0,0,0,0,0,33,17,0,0,0,0,0,85,68,0,0,187,186,84,0,0,0,0,0,0,0,0,0,0,0
0,0,0,0,0,0,0,0,0,33,16,0,0,0,0,0,85,68,0,0,186,187,85,0,0,0,0,0,0,0,0,0,0,0
0,0,0,0,0,0,0,0,0,32,16,0,0,0,0,0,85,68,0,0,185,184,84,0,0,0,0,0,0,0,0,0,0,0
0,0,0,0,0,0,0,0,0,32,16,0,0,0,0,0,83,68,0,0,184,185,84,0,0,0,0,0,0,0,0,0,0,0
0,0,0,0,0,0,0,0,0,32,16,0,0,0,0,0,84,68,0,0,182,184,84,0,0,0,0,0,0,0,0,0,0,0
487552,41250,0,707,0,0,508,0,0,33,16,0,0,0,0,0,85,68,0,0,186,184,84,0,0,0,0,0,0,0,0,0,0,0
0,0,0,0,0,0,0,0,0,33,17,0,0,0,0,0,86,68,0,0,188,187,85,0,0,0,0,0,0,0,0,0,0,0
0,0,0,0,0,0,0,0,0,34,17,0,0,0,0,0,85,68,0,0,186,186,84,0,0,0,0,0,0,0,0,0,0,0
0,0,0,0,0,0,0,0,0,32,16,0,0,0,0,0,84,68,0,0,184,185,84,0,0,0,0,0,0,0,0,0,0,0
0,0,0,0,0,0,0,0,0,34,16,0,0,0,0,0,86,68,0,0,189,189,86,0,0,0,0,0,0,0,0,0,0,0
0,0,0,0,0,0,0,0,0,37,19,0,0,0,0,0,87,68,0,0,194,193,87,0,0,0,0,0,0,0,0,0,0,0
434272,35708,0,620,0,0,442,0,0,37,19,0,0,0,0,0,87,68,0,0,192,192,86,0,0,0,0,0,0,0,0,0,0,0
0,0,0,0,0,0,0,0,0,36,18,0,0,0,0,0,87,68,0,0,189,189,86,0,0,0,0,0,0,0,0,0,0,0
0,0,0,0,0,0,0,0,0,37,18,0,0,0,0,0,87,68,0,0,193,195,87,0,0,0,0,0,0,0,0,0,0,0
0,0,0,0,0,0,0,0,0,38,19,0,0,0,0,0,87,68,0,0,195,193,87,0,0,0,0,0,0,0,0,0,0,0
437836,33322,0,597,0,0,416,0,0,38,19,0,0,0,0,0,90,68,0,0,195,195,87,0,0,0,0,0,0,0,0,0,0,0
0,0,0,0,0,0,0,0,0,38,19,0,0,0,0,0,87,68,0,0,192,193,87,0,0,0,0,0,0,0,0,0,0,0
0,0,0,0,0,0,0,0,0,37,19,0,0,0,0,0,87,68,0,0,193,193,87,0,0,0,0,0,0,0,0,0,0,0
0,0,0,0,0,0,0,0,0,39,19,0,0,0,0,0,87,68,0,0,192,192,86,0,0,0,0,0,0,0,0,0,0,0
0,0,0,0,0,0,0,0,0,32,16,0,0,0,0,0,85,68,0,0,185,184,84,0,0,0,0,0,0,0,0,0,0,0
442146,34617,0,613,0,0,431,0,0,33,16,0,0,0,0,0,85,68,0,0,184,185,84,0,0,0,0,0,0,0,0,0,0,0
0,0,0,0,0,0,0,0,0,33,17,0,0,0,0,0,87,72,0,0,186,190,89,0,0,0,0,0,0,0,0,0,0,0
0,0,0,0,0,0,0,0,0,32,16,0,0,0,0,0,84,69,0,0,186,187,85,0,0,0,0,0,0,0,0,0,0,0
0,0,0,0,0,0,0,0,0,37,19,0,0,0,0,0,89,68,0,0,193,193,87,0,0,0,0,0,0,0,0,0,0,0
0,0,0,0,0,0,0,0,0,32,16,0,0,0,0,0,82,68,0,0,178,180,82,0,0,0,0,0,0,0,0,0,0,0
0,0,0,0,0,0,0,0,0,27,13,0,0,0,0,0,82,68,0,0,177,175,82,0,0,0,0,0,0,0,0,0,0,0
472356,41360,0,696,0,0,510,0,0,27,14,0,0,0,0,0,82,68,0,0,178,177,81,0,0,0,0,0,0,0,0,0,0,0
0,0,0,0,0,0,0,0,0,27,13,0,0,0,0,0,83,68,0,0,178,177,82,0,0,0,0,0,0,0,0,0,0,0
0,0,0,0,0,0,0,0,0,27,14,0,0,0,0,0,80,68,0,0,177,179,82,0,0,0,0,0,0,0,0,0,0,0
0,0,0,0,0,0,0,0,0,27,13,0,0,0,0,0,83,68,0,0,176,176,81,0,0,0,0,0,0,0,0,0,0,0
0,0,0,0,0,0,0,0,0,28,14,0,0,0,0,0,82,68,0,0,177,177,82,0,0,0,0,0,0,0,0,0,0,0
0,0,0,0,0,0,0,0,0,27,14,0,0,0,0,0,82,68,0,0,179,179,81,0,0,0,0,0,0,0,0,0,0,0
0,0,0,0,0,0,0,0,0,27,13,0,0,0,0,0,83,68,0,0,177,177,82,0,0,0,0,0,0,0,0,0,0,0
478478,46773,0,765,0,0,572,0,0,28,14,0,0,0,0,0,81,68,0,0,180,178,82,0,0,0,0,0,0,0,0,0,0,0
0,0,0,0,0,0,0,0,0,27,14,0,0,0,0,0,82,68,0,0,173,175,81,0,0,0,0,0,0,0,0,0,0,0
0,0,0,0,0,0,0,0,0,28,13,0,0,0,0,0,83,68,0,0,179,178,82,0,0,0,0,0,0,0,0,0,0,0
0,0,0,0,0,0,0,0,0,27,14,0,0,0,0,0,82,68,0,0,177,178,82,0,0,0,0,0,0,0,0,0,0,0
0,0,0,0,0,0,0,0,0,26,13,0,0,0,0,0,80,68,0,0,177,175,81,0,0,0,0,0,0,0,0,0,0,0
0,0,0,0,0,0,0,0,0,27,13,0,0,0,0,0,82,68,0,0,175,176,81,0,0,0,0,0,0,0,0,0,0,0
0,0,0,0,0,0,0,0,0,27,14,0,0,0,0,0,83,68,0,0,177,177,82,0,0,0,0,1,0,0,0,0,0,0
447326,44202,0,719,0,0,540,0,0,27,14,0,0,0,0,0,82,68,0,0,181,178,81,0,0,0,0,2,0,0,0,0,0,0
0,0,0,0,0,0,0,0,0,27,13,0,0,0,0,0,82,68,0,0,181,181,84,0,0,0,0,0,0,0,0,0,0,0
0,0,0,0,0,0,0,0,0,33,16,0,0,0,0,0,85,68,0,0,183,182,82,0,0,0,0,0,0,0,0,0,0,0
0,0,0,0,0,0,0,0,0,26,14,0,0,0,0,0,80,68,0,0,174,174,81,0,0,0,0,0,0,0,0,0,0,0
0,0,0,0,0,0,0,0,0,28,14,0,0,0,0,0,83,68,0,0,177,179,82,0,0,0,0,0,0,0,0,0,0,0
0,0,0,0,0,0,0,0,0,27,13,0,0,0,0,0,82,68,0,0,179,177,82,0,0,0,0,0,0,0,0,0,0,0
450820,42763,0,710,0,0,524,0,0,26,13,0,0,0,0,0,82,68,0,0,176,177,81,0,0,0,0,0,0,0,0,0,0,0
0,0,0,0,0,0,0,0,0,27,14,0,0,0,0,0,81,68,0,0,174,175,81,0,0,0,0,0,0,0,0,0,0,0
0,0,0,0,0,0,0,0,0,28,14,0,0,0,0,0,82,68,0,0,179,178,82,0,0,0,0,0,0,0,0,0,0,0
0,0,0,0,0,0,0,0,0,27,13,0,0,0,0,0,83,68,0,0,177,178,81,0,0,0,0,0,0,0,0,0,0,0
0,0,0,0,0,0,0,0,0,27,14,0,0,0,0,0,82,68,0,0,177,177,82,0,0,0,0,0,0,0,0,0,0,0
0,0,0,0,0,0,0,0,0,26,13,0,0,0,0,0,81,68,0,0,179,177,82,0,0,0,0,0,0,0,0,0,0,0
0,0,0,0,0,0,0,0,0,28,13,0,0,0,0,0,82,68,0,0,174,176,81,0,0,0,0,0,0,0,0,0,0,0
477022,46759,0,765,0,0,572,0,0,27,14,0,0,0,0,0,82,68,0,0,177,175,81,0,0,0,0,0,0,0,0,0,0,0
0,0,0,0,0,0,0,0,0,28,14,0,0,0,0,0,84,68,0,0,181,181,82,0,0,0,0,0,0,0,0,0,0,0
0,0,0,0,0,0,0,0,0,26,13,0,0,0,0,0,84,68,0,0,181,183,82,0,0,0,0,0,0,0,0,0,0,0
0,0,0,0,0,0,0,0,0,27,14,0,0,0,0,0,82,68,0,0,178,178,82,0,0,0,0,0,0,0,0,0,0,0
0,0,0,0,0,0,0,0,0,28,14,0,0,0,0,0,82,68,0,0,180,180,82,0,0,0,0,0,0,0,0,0,0,0
0,0,0,0,0,0,0,0,0,36,18,0,0,0,0,0,88,68,0,0,195,193,87,0,0,0,0,0,0,0,0,0,0,0
453530,40568,0,687,0,0,499,0,0,40,20,0,0,0,0,0,88,68,0,0,195,199,89,0,0,0,0,0,0,0,0,0,0,0
0,0,0,0,0,0,0,0,0,40,20,0,0,0,0,0,90,68,0,0,201,200,89,0,0,0,0,0,0,0,0,0,0,0
0,0,0,0,0,0,0,0,0,42,21,0,0,0,0,0,90,68,0,0,199,198,88,0,0,0,0,0,0,0,0,0,0,0
0,0,0,0,0,0,0,0,0,39,19,0,0,0,0,0,86,68,0,0,189,187,85,0,0,0,0,0,0,0,0,0,0,0
0,0,0,0,0,0,0,0,0,28,14,0,0,0,0,0,83,68,0,1,181,180,83,0,1,0,0,0,0,0,0,0,0,0
446952,34623,0,616,0,0,431,0,0,29,15,0,0,0,0,0,82,68,0,0,176,180,82,0,0,0,0,0,0,0,0,0,0,0
0,0,0,0,0,0,0,0,0,29,14,0,0,0,0,0,82,68,0,0,180,176,82,0,0,0,0,0,0,0,0,0,0,0
0,0,0,0,0,0,0,0,0,30,15,0,0,0,0,0,84,68,0,1,187,188,85,0,1,0,0,0,0,0,0,0,0,0
0,0,0,0,0,0,0,0,0,39,20,0,0,0,0,0,89,68,0,0,194,193,87,0,0,0,0,0,0,0,0,0,0,0
0,0,0,0,0,0,0,0,0,31,15,0,0,0,0,0,83,68,0,1,181,180,82,0,1,0,0,0,0,0,0,0,0,0
0,0,0,0,0,0,0,0,0,29,15,0,0,0,0,0,84,68,0,0,180,181,83,0,0,0,0,0,0,0,0,0,0,0
464040,40722,0,693,0,0,502,0,0,30,14,0,0,0,0,0,83,68,0,0,182,181,83,0,0,0,0,0,0,0,0,0,0,0
0,0,0,0,0,0,0,0,0,29,15,0,0,0,0,0,84,68,0,0,181,182,83,0,0,0,0,0,0,0,0,0,0,0
0,0,0,0,0,0,0,0,0,36,18,0,0,0,0,0,88,68,0,0,199,198,88,0,1,0,0,0,0,0,0,0,0,0
0,0,0,0,0,0,0,0,0,44,23,0,0,0,0,0,90,68,0,1,198,199,89,0,0,0,0,0,0,0,0,0,0,0
0,0,0,0,0,0,0,0,0,40,19,0,0,0,0,0,87,68,0,0,196,195,88,0,0,0,0,0,0,0,0,0,0,0
456104,34777,0,623,0,0,434,0,0,39,20,0,0,0,0,0,88,68,0,0,195,195,88,0,0,0,0,0,0,0,0,0,0,0
0,0,0,0,0,0,0,0,0,38,19,0,0,0,0,0,88,68,0,0,195,195,87,0,0,0,0,0,0,0,0,0,0,0
0,0,0,0,0,0,0,0,0,38,19,0,0,0,0,0,87,68,0,0,192,194,87,0,0,0,0,0,0,0,0,0,0,0
0,0,0,0,0,0,0,0,0,40,20,0,0,0,0,0,88,68,0,0,198,195,87,0,0,0,0,0,0,0,0,0,0,0
0,0,0,0,0,0,0,0,0,38,19,0,0,0,0,0,89,68,0,0,197,195,88,0,1,0,0,1,0,0,0,0,0,0
477438,34953,0,638,0,0,437,0,0,41,20,0,0,0,0,0,90,68,0,1,201,200,88,0,0,0,0,2,0,0,0,0,0,0
0,0,0,0,0,0,0,0,0,40,20,0,0,0,0,0,87,68,0,0,191,189,86,0,0,0,0,0,0,0,0,0,0,0
0,0,0,0,0,0,0,0,0,29,15,0,0,0,0,0,83,68,0,0,180,181,83,0,0,0,0,0,0,0,0,0,0,0
0,0,0,0,0,0,0,0,0,29,14,0,0,0,0,0,81,68,0,0,178,179,82,0,0,0,0,0,0,0,0,0,0,0
0,0,0,0,0,0,0,0,0,29,15,0,0,0,0,0,84,68,0,0,179,179,83,0,0,0,0,0,0,0,0,0,0,0
0,0,0,0,0,0,0,0,0,31,15,0,0,0,0,0,84,68,0,0,183,183,83,0,0,0,0,0,0,0,0,0,0,0
475538,40882,0,700,0,0,505,0,0,30,15,0,0,0,0,0,83,68,0,0,181,180,83,0,0,0,0,0,0,0,0,0,0,0
0,0,0,0,0,0,0,0,0,30,15,0,0,0,0,0,84,68,0,0,182,182,83,0,0,0,0,0,0,0,0,0,0,0
0,0,0,0,0,0,0,0,0,29,15,0,0,0,0,0,83,68,0,0,182,181,83,0,0,0,0,0,0,0,0,0,0,0
0,0,0,0,0,0,0,0,0,29,14,0,0,0,0,0,84,68,0,0,180,182,83,0,0,0,0,0,0,0,0,0,0,0
0,0,0,0,0,0,0,0,0,29,15,0,0,0,0,0,82,68,0,0,182,181,82,0,0,0,0,0,0,0,0,0,0,0
0,0,0,0,0,0,0,0,0,35,17,0,0,0,0,0,85,68,0,0,189,189,86,0,0,0,0,0,0,0,0,0,0,0
454264,40614,0,686,0,0,500,0,0,29,15,0,0,0,0,0,84,68,0,0,177,178,82,0,0,0,0,0,0,0,0,0,0,0
0,0,0,0,0,0,0,0,0,31,15,0,0,0,0,0,83,68,0,0,182,181,83,0,0,0,0,0,0,0,0,0,0,0
0,0,0,0,0,0,0,0,0,29,15,0,0,0,0,0,84,68,0,0,180,180,83,0,0,0,0,0,0,0,0,0,0,0
0,0,0,0,0,0,0,0,0,29,14,0,0,0,0,0,83,68,0,0,183,182,83,0,0,0,0,0,0,0,0,0,0,0
0,0,0,0,0,0,0,0,0,29,15,0,0,0,0,0,83,68,0,0,180,180,82,0,0,0,0,0,0,0,0,0,0,0
0,0,0,0,0,0,0,0,0,30,15,0,0,0,0,0,84,68,0,0,182,183,84,0,1,0,0,0,0,0,0,0,0,0
448484,40516,0,681,0,0,498,0,0,37,18,0,0,0,0,0,87,68,0,1,196,197,88,0,0,0,0,0,0,0,0,0,0,0
0,0,0,0,0,0,0,0,0,37,19,0,0,0,0,0,87,68,0,0,187,186,84,0,0,0,0,0,0,0,0,0,0,0
0,0,0,0,0,0,0,0,0,30,15,0,0,0,0,0,82,68,0,1,183,181,83,0,1,0,0,0,0,0,0,0,0,0
0,0,0,0,0,0,0,0,0,30,15,0,0,0,0,0,83,68,0,0,180,180,83,0,0,0,0,0,0,0,0,0,0,0
0,0,0,0,0,0,0,0,0,30,15,0,0,0,0,0,84,68,0,0,180,181,83,0,0,0,0,0,0,0,0,0,0,0
0,0,0,0,0,0,0,0,0,30,15,0,0,0,0,0,83,68,0,0,180,181,83,0,0,0,0,0,0,0,0,0,0,0
469676,40786,0,695,0,0,503,0,0,28,14,0,0,0,0,0,83,68,0,0,181,178,81,0,0,0,0,0,0,0,0,0,0,0
0,0,0,0,0,0,0,0,0,27,13,0,0,0,0,0,82,68,0,1,178,178,82,0,1,0,0,0,0,0,0,0,0,0
0,0,0,0,0,0,0,0,0,27,13,0,0,0,0,0,81,68,0,0,174,175,81,0,0,0,0,0,0,0,0,0,0,0
0,0,0,0,0,0,0,0,0,27,14,0,0,0,0,0,82,68,0,0,177,177,82,0,0,0,0,0,0,0,0,0,0,0
0,0,0,0,0,0,0,0,0,26,13,0,0,0,0,0,82,68,0,0,178,177,81,0,0,0,0,0,0,0,0,0,0,0
0,0,0,0,0,0,0,0,0,26,13,0,0,0,0,0,82,68,0,0,175,176,81,0,0,0,0,0,0,0,0,0,0,0
0,0,0,0,0,0,0,0,0,27,14,0,0,0,0,0,80,68,0,0,175,174,81,0,0,0,0,0,0,0,0,0,0,0
472824,46703,0,763,0,0,571,0,0,27,13,0,0,0,0,0,82,68,0,0,177,177,82,0,0,0,0,0,0,0,0,0,0,0
0,0,0,0,0,0,0,0,0,27,13,0,0,0,0,0,83,68,0,0,177,176,81,0,0,0,0,0,0,0,0,0,0,0
0,0,0,0,0,0,0,0,0,26,14,0,0,0,0,0,82,68,0,0,177,177,81,0,0,0,0,0,0,0,0,0,0,0
0,0,0,0,0,0,0,0,0,27,13,0,0,0,0,0,80,68,0,0,177,179,82,0,0,0,0,1,0,0,0,0,0,0
0,0,0,0,0,0,0,0,0,27,14,0,0,0,0,0,82,68,0,1,177,173,81,0,1,0,0,2,0,0,0,0,0,0
0,0,0,0,0,0,0,0,0,30,15,0,0,0,0,0,84,68,0,0,183,182,83,0,0,0,0,0,0,0,0,0,0,0
0,0,0,0,0,0,0,0,0,29,14,0,0,0,0,0,84,68,0,0,181,182,83,0,0,0,0,0,0,0,0,0,0,0
486626,46839,0,773,0,0,573,0,0,29,15,0,0,0,0,0,83,68,0,0,180,180,83,0,0,0,0,0,0,0,0,0,0,0
0,0,0,0,0,0,0,0,0,30,15,0,0,0,0,0,83,68,0,0,182,183,83,0,0,0,0,0,0,0,0,0,0,0
0,0,0,0,0,0,0,0,0,29,14,0,0,0,0,0,83,68,0,0,179,180,82,0,0,0,0,0,0,0,0,0,0,0
0,0,0,0,0,0,0,0,0,30,15,0,0,0,0,0,84,68,0,0,187,185,83,0,0,0,0,0,0,0,0,0,0,0
0,0,0,0,0,0,0,0,0,29,15,0,0,0,0,0,87,68,0,0,188,188,85,0,0,0,0,0,0,0,0,0,0,0
0,0,0,0,0,0,0,0,0,47,24,0,0,0,0,0,95,68,0,0,219,218,95,0,0,0,0,0,0,0,0,0,0,0
498953,39736,0,701,0,0,493,0,0,57,28,0,0,0,0,0,94,68,0,0,208,207,91,0,0,0,0,0,0,0,0,0,0,0
0,0,0,0,0,0,0,0,0,31,15,0,0,0,0,0,84,68,0,0,180,181,83,0,0,0,0,0,0,0,0,0,0,0
0,0,0,0,0,0,0,0,0,30,15,0,0,0,0,0,83,68,0,0,182,182,83,0,0,0,0,0,0,0,0,0,0,0
0,0,0,0,0,0,0,0,0,29,15,0,0,0,0,0,83,68,0,0,181,181,83,0,0,0,0,0,0,0,0,0,0,0
0,0,0,0,0,0,0,0,0,28,13,0,0,0,0,0,81,68,0,0,179,179,82,0,0,0,0,0,0,0,0,0,0,0
0,0,0,0,0,0,0,0,0,28,14,0,0,0,0,0,83,68,0,0,174,175,81,0,0,0,0,0,0,0,0,0,0,0
492095,42422,0,726,0,0,524,0,0,32,16,0,0,0,0,0,84,68,0,0,185,184,84,0,0,0,0,0,0,0,0,0,0,0
0,0,0,0,0,0,0,0,0,29,15,0,0,0,0,0,84,68,0,0,180,180,83,0,0,0,0,0,0,0,0,0,0,0
0,0,0,0,0,0,0,0,0,28,15,0,0,0,0,0,83,68,0,0,188,188,85,0,0,0,0,0,0,0,0,0,0,0
0,0,0,0,0,0,0,0,0,56,27,0,0,0,0,0,96,68,0,0,219,221,96,0,0,0,0,0,0,0,0,0,0,0
0,0,0,0,0,0,0,0,0,35,17,0,0,0,0,0,85,68,0,0,181,180,83,0,0,0,0,0,0,0,0,0,0,0
439110,34563,0,611,0,0,430,0,0,29,15,0,0,0,0,0,83,68,0,0,180,179,82,0,0,0,0,0,0,0,0,0,0,0
0,0,0,0,0,0,0,0,0,28,14,0,0,0,0,0,85,68,0,0,187,188,84,0,0,0,0,0,0,0,0,0,0,0
0,0,0,0,0,0,0,0,0,38,19,0,0,0,0,0,86,68,0,0,186,186,85,0,0,0,0,0,0,0,0,0,0,0
0,0,0,0,0,0,0,0,0,30,15,0,0,0,0,0,83,68,0,0,181,180,83,0,0,0,0,0,0,0,0,0,0,0
0,0,0,0,0,0,0,0,0,29,15,0,0,0,0,0,84,68,0,0,181,182,83,0,0,0,0,0,0,0,0,0,0,0
0,0,0,0,0,0,0,0,0,29,14,0,0,0,0,0,83,68,0,0,182,181,83,0,0,0,0,0,0,0,0,0,0,0
452676,40566,0,683,0,0,499,0,0,29,15,0,0,0,0,0,81,68,0,0,178,179,82,0,0,0,0,0,0,0,0,0,0,0
0,0,0,0,0,0,0,0,0,28,14,0,0,0,0,0,83,68,0,0,178,177,82,0,0,0,0,0,0,0,0,0,0,0
0,0,0,0,0,0,0,0,0,28,14,0,0,0,0,0,83,68,0,0,178,177,81,0,0,0,0,0,0,0,0,0,0,0
0,0,0,0,0,0,0,0,0,28,14,0,0,0,0,0,82,68,0,0,179,179,82,0,0,0,0,0,0,0,0,0,0,0
0,0,0,0,0,0,0,0,0,27,13,0,0,0,0,0,83,68,0,0,177,178,82,0,0,0,0,0,0,0,0,0,0,0
0,0,0,0,0,0,0,0,0,28,14,0,0,0,0,0,81,68,0,0,176,178,82,0,0,0,0,0,0,0,0,0,0,0
0,0,0,0,0,0,0,0,0,27,14,0,0,0,0,0,82,68,0,0,179,177,82,0,0,0,0,0,0,0,0,0,0,0
490586,46935,0,773,0,0,575,0,0,29,14,0,0,0,0,0,83,68,0,0,179,179,82,0,0,0,0,2,0,0,0,0,0,0
0,0,0,0,0,0,0,0,0,27,14,0,0,0,0,0,83,68,0,0,181,179,81,0,0,0,0,1,0,0,0,0,0,0
0,0,0,0,0,0,0,0,0,27,13,0,0,0,0,0,82,68,0,0,177,177,82,0,0,0,0,0,0,0,0,0,0,0
0,0,0,0,0,0,0,0,0,28,14,0,0,0,0,0,81,68,0,0,178,176,82,0,0,0,0,0,0,0,0,0,0,0
0,0,0,0,0,0,0,0,0,27,14,0,0,0,0,0,82,68,0,0,177,178,82,0,0,0,0,0,0,0,0,0,0,0
0,0,0,0,0,0,0,0,0,30,15,0,0,0,0,0,85,68,0,0,184,185,84,0,0,0,0,0,0,0,0,0,0,0
0,0,0,0,0,0,0,0,0,31,15,0,0,0,0,0,83,68,0,0,181,180,82,0,0,0,0,0,0,0,0,0,0,0
440618,41651,0,691,0,0,510,0,0,30,15,0,0,0,0,0,84,68,0,0,181,182,83,0,0,0,0,0,0,0,0,0,0,0
0,0,0,0,0,0,0,0,0,28,14,0,0,0,0,0,83,68,0,0,180,178,82,0,0,0,0,0,0,0,0,0,0,0
0,0,0,0,0,0,0,0,0,29,15,0,0,0,0,0,81,68,0,0,178,179,83,0,0,0,0,0,0,0,0,0,0,0
0,0,0,0,0,0,0,0,0,28,14,0,0,0,0,0,82,68,0,0,178,178,81,0,0,0,0,0,0,0,0,0,0,0
0,0,0,0,0,0,0,0,0,29,14,0,0,0,0,0,84,68,0,0,180,179,83,0,1,0,0,0,0,0,0,0,0,0
0,0,0,0,0,0,0,0,0,28,14,0,0,0,0,0,83,68,0,1,180,181,82,0,0,0,0,0,0,0,0,0,0,0
488086,45596,0,758,0,0,559,0,0,29,15,0,0,0,0,0,83,68,0,1,181,180,83,0,1,0,0,0,0,0,0,0,0,0
0,0,0,0,0,0,0,0,0,28,14,0,0,0,0,0,81,68,0,0,176,178,82,0,0,0,0,0,0,0,0,0,0,0
0,0,0,0,0,0,0,0,0,28,13,0,0,0,0,0,82,68,0,0,179,176,81,0,0,0,0,0,0,0,0,0,0,0
0,0,0,0,0,0,0,0,0,26,14,0,0,0,0,0,82,68,0,0,177,176,81,0,0,0,0,0,0,0,0,0,0,0
0,0,0,0,0,0,0,0,0,28,14,0,0,0,0,0,83,68,0,1,181,180,83,0,1,0,0,0,0,0,0,0,0,0
0,0,0,0,0,0,0,0,0,33,16,0,0,0,0,0,85,68,0,0,185,186,84,0,0,0,0,0,0,0,0,0,0,0
0,0,0,0,0,0,508,0,0,29,15,0,0,0,0,0,83,68,0,0,181,182,83,0,0,0,0,0,0,0,0,0,0,0
440782,41377,0,688,0,0,0,0,0,42,21,0,0,0,0,0,91,68,0,0,206,205,91,0,0,0,0,0,0,0,0,0,0,0
0,0,0,0,0,0,0,0,0,37,18,0,0,0,0,0,85,68,0,1,184,185,84,0,1,0,0,0,0,0,0,0,0,0
0,0,0,0,0,0,0,0,0,28,14,0,0,0,0,0,84,68,0,0,181,180,83,0,0,0,0,0,0,0,0,0,0,0
0,0,0,0,0,0,0,0,0,29,14,0,0,0,0,0,81,68,0,0,179,178,82,0,0,0,0,0,0,0,0,0,0,0
0,0,0,0,0,0,0,0,0,28,15,0,0,0,0,0,83,68,0,0,177,178,82,0,0,0,0,0,0,0,0,0,0,0
473296,39899,0,688,0,0,493,0,0,29,14,0,0,0,0,0,83,68,0,0,179,178,82,0,0,0,0,0,0,0,0,0,0,0
0,0,0,0,0,0,0,0,0,28,14,0,0,0,0,0,83,68,0,0,180,181,82,0,0,0,0,0,0,0,0,0,0,0
0,0,0,0,0,0,0,0,0,28,14,0,0,0,0,0,82,68,0,0,179,178,82,0,0,0,0,0,0,0,0,0,0,0
0,0,0,0,0,0,0,0,0,28,14,0,0,0,0,0,82,68,0,0,181,182,83,0,0,0,0,0,0,0,0,0,0,0
0,0,0,0,0,0,0,0,0,33,17,0,0,0,0,0,85,68,0,0,188,187,85,0,0,0,0,0,0,0,0,0,0,0
0,0,0,0,0,0,0,0,0,35,17,0,0,0,0,0,87,68,0,0,190,191,86,0,0,0,0,0,0,0,0,0,0,0
461766,40680,0,689,0,0,501,0,0,35,18,0,0,0,0,0,84,68,0,0,181,180,84,0,0,0,0,0,0,0,0,0,0,0
0,0,0,0,0,0,0,0,0,28,13,0,0,0,0,0,83,68,0,1,180,179,81,0,1,0,0,0,0,0,0,0,0,0
0,0,0,0,0,0,0,0,0,29,15,0,0,0,0,0,83,68,0,0,179,180,83,0,0,0,0,0,0,0,0,0,0,0
0,0,0,0,0,0,0,0,0,28,14,0,0,0,0,0,83,68,0,0,181,179,82,0,0,0,0,0,0,0,0,0,0,0
0,0,0,0,0,0,0,0,0,27,14,0,0,0,0,0,83,68,0,0,179,180,82,0,0,0,0,1,0,0,0,0,0,0
0,0,0,0,0,0,0,0,0,29,14,0,0,0,0,0,80,68,0,0,178,174,81,0,0,0,0,2,0,0,0,0,0,0
0,0,0,0,0,0,0,0,0,27,14,0,0,0,0,0,83,68,0,0,179,180,83,0,0,0,0,0,0,0,0,0,0,0
497278,46987,0,781,0,0,576,0,0,29,14,0,0,0,0,0,83,68,0,0,178,179,82,0,0,0,0,0,0,0,0,0,0,0
0,0,0,0,0,0,0,0,0,28,14,0,0,0,0,0,83,68,0,0,180,179,82,0,0,0,0,0,0,0,0,0,0,0
0,0,0,0,0,0,0,0,0,28,14,0,0,0,0,0,83,68,0,1,182,181,83,0,1,0,0,0,0,0,0,0,0,0
0,0,0,0,0,0,0,0,0,29,15,0,0,0,0,0,82,68,0,0,180,181,82,0,0,0,0,0,0,0,0,0,0,0
0,0,0,0,0,0,0,0,0,28,14,0,0,0,0,0,85,68,0,0,182,181,82,0,0,0,0,0,0,0,0,0,0,0
0,0,0,0,0,0,0,0,0,28,14,0,0,0,0,0,84,68,0,0,179,179,81,0,0,0,0,0,0,0,0,0,0,0
0,0,0,0,0,0,0,0,0,28,14,0,0,0,0,0,82,68,0,0,179,179,82,0,0,0,0,0,0,0,0,0,0,0
491792,46931,0,778,0,0,575,0,0,26,13,0,0,0,0,0,82,68,0,0,177,177,82,0,0,0,0,0,0,0,0,0,0,0
0,0,0,0,0,0,0,0,0,28,14,0,0,0,0,0,83,68,0,0,180,178,82,0,0,0,0,1,0,0,0,0,0,0
0,0,0,0,0,0,0,0,0,27,13,0,0,0,0,0,83,68,0,0,181,182,83,0,0,0,0,2,0,0,0,0,0,0
0,0,0,0,0,0,0,0,0,27,13,0,0,0,0,0,83,72,0,1,176,176,82,0,1,0,0,0,0,0,0,0,0,0
0,0,0,0,0,0,0,0,0,23,12,0,0,0,0,0,82,69,0,0,172,173,81,0,0,0,0,0,0,0,0,0,0,0
0,0,0,0,0,0,0,0,0,23,12,0,0,0,0,0,79,68,0,0,169,170,80,0,0,0,0,0,0,0,0,0,0,0
0,0,0,0,0,0,0,0,0,24,11,0,0,0,0,0,80,68,0,0,173,172,79,0,0,0,0,0,0,0,0,0,0,0
0,0,0,755,0,0,577,0,0,22,12,0,0,0,0,0,80,68,0,0,171,172,80,0,0,0,0,0,0,0,0,0,0,0
447930,47596,0,0,0,0,0,0,0,23,11,0,0,0,0,0,79,68,0,0,168,169,79,0,0,0,0,0,0,0,0,0,0,0
0,0,0,0,0,0,0,0,0,26,13,0,0,0,0,0,82,68,0,0,176,174,81,0,0,0,0,0,0,0,0,0,0,0
0,0,0,0,0,0,0,0,0,22,11,0,0,0,0,0,80,68,0,0,171,173,79,0,0,0,0,0,0,0,0,0,0,0
0,0,0,0,0,0,0,0,0,24,12,0,0,0,0,0,79,68,0,0,170,170,80,0,0,0,0,0,0,0,0,0,0,0
0,0,0,0,0,0,0,0,0,26,13,0,0,0,0,0,82,68,0,0,178,177,82,0,0,0,0,0,0,0,0,0,0,0
0,0,0,0,0,0,0,0,0,28,14,0,0,0,0,0,83,68,0,0,178,179,82,0,0,0,0,0,0,0,0,0,0,0
0,0,0,0,0,0,572,0,0,24,12,0,0,0,0,0,79,68,0,1,174,172,80,0,1,0,0,0,0,0,0,0,0,0
442982,47197,0,747,0,0,0,0,0,24,12,0,0,0,0,0,80,68,0,0,170,170,79,0,0,0,0,0,0,0,0,0,0,0
0,0,0,0,0,0,0,0,0,24,12,0,0,0,0,0,81,68,0,0,173,173,80,0,0,0,0,0,0,0,0,0,0,0
0,0,0,0,0,0,0,0,0,22,11,0,0,0,0,0,79,68,0,0,172,171,80,0,0,0,0,0,0,0,0,0,0,0
0,0,0,0,0,0,0,0,0,24,12,0,0,0,0,0,81,68,0,0,170,170,79,0,0,0,0,0,0,0,0,0,0,0
0,0,0,0,0,0,0,0,0,24,12,0,0,0,0,0,80,68,0,0,172,173,80,0,0,0,0,0,0,0,0,0,0,0
0,0,0,0,0,0,0,0,0,22,11,0,0,0,0,0,79,68,0,0,171,171,80,0,0,0,0,0,0,0,0,0,0,0
0,0,0,0,0,0,0,0,0,24,12,0,0,0,0,0,80,68,0,0,170,170,79,0,0,0,0,0,0,0,0,0,0,0
471506,51824,0,815,0,0,628,0,0,24,12,0,0,0,0,0,81,68,0,0,173,173,80,0,0,0,0,0,0,0,0,0,0,0
0,0,0,0,0,0,0,0,0,23,11,0,0,0,0,0,79,68,0,0,172,171,80,0,0,0,0,0,0,0,0,0,0,0
0,0,0,0,0,0,0,0,0,23,12,0,0,0,0,0,80,68,0,0,169,170,79,0,0,0,0,0,0,0,0,0,0,0
0,0,0,0,0,0,0,0,0,24,12,0,0,0,0,0,81,68,0,0,173,173,80,0,0,0,0,0,0,0,0,0,0,0
0,0,0,0,0,0,0,0,0,22,11,0,0,0,0,0,79,68,0,0,171,171,79,0,0,0,0,0,0,0,0,0,0,0
0,0,0,0,0,0,0,0,0,24,12,0,0,0,0,0,80,68,0,0,170,170,80,0,0,0,0,0,0,0,0,0,0,0
0,0,0,0,0,0,0,0,0,23,12,0,0,0,0,0,81,68,0,0,172,172,80,0,0,0,0,0,0,0,0,0,0,0
0,0,0,0,0,0,0,0,0,23,11,0,0,0,0,0,79,68,0,0,172,172,79,0,0,0,0,0,0,0,0,0,0,0
475794,52761,0,828,0,0,639,0,0,24,12,0,0,0,0,0,80,68,0,1,171,169,80,0,1,0,0,0,0,0,0,0,0,0
0,0,0,0,0,0,0,0,0,23,12,0,0,0,0,0,81,68,0,0,171,173,80,0,0,0,0,0,0,0,0,0,0,0
0,0,0,0,0,0,0,0,0,23,11,0,0,0,0,0,79,68,0,0,175,172,79,0,0,0,0,2,0,0,0,0,0,0
0,0,0,0,0,0,0,0,0,24,12,0,0,0,0,0,81,68,0,0,172,170,80,0,0,0,0,1,0,0,0,0,0,0
0,0,0,0,0,0,0,0,0,24,12,0,0,0,0,0,82,68,0,0,176,178,82,0,0,0,0,0,0,0,0,0,0,0
0,0,0,0,0,0,0,0,0,35,17,0,0,0,0,0,85,68,0,0,186,186,84,0,0,0,0,0,0,0,0,0,0,0
0,0,0,0,0,0,0,0,0,25,13,0,0,0,0,0,81,68,0,0,176,174,81,0,0,0,0,0,0,0,0,0,0,0
452964,46403,0,750,0,0,565,0,0,25,13,0,0,0,0,0,80,68,0,0,171,171,80,0,0,0,0,0,0,0,0,0,0,0
0,0,0,0,0,0,0,0,0,28,14,0,0,0,0,0,82,68,0,0,179,180,82,0,1,0,0,0,0,0,0,0,0,0
0,0,0,0,0,0,0,0,0,27,13,0,0,0,0,0,83,68,0,1,178,176,81,0,0,0,0,0,0,0,0,0,0,0
0,0,0,0,0,0,0,0,0,26,13,0,0,0,0,0,82,68,0,0,177,179,82,0,0,0,0,0,0,0,0,0,0,0
0,0,0,0,0,0,0,0,0,27,14,0,0,0,0,0,80,68,0,0,175,174,82,0,0,0,0,0,0,0,0,0,0,0
0,0,0,0,0,0,0,0,0,57,28,0,0,0,0,0,99,68,0,1,228,227,97,0,1,0,0,0,0,0,0,0,0,0
445539,37792,0,649,0,0,467,0,0,31,15,0,0,0,0,0,83,68,0,0,177,178,82,0,0,0,0,0,0,0,0,0,0,0
0,0,0,0,0,0,0,0,0,24,13,0,0,0,0,0,81,68,0,0,177,177,81,0,0,0,0,0,0,0,0,0,0,0
0,0,0,0,0,0,0,0,0,33,16,0,0,0,0,0,85,68,0,0,185,184,84,0,0,0,0,0,0,0,0,0,0,0
0,0,0,0,0,0,0,0,0,25,12,0,0,0,0,0,80,68,0,0,171,172,80,0,0,0,0,0,0,0,0,0,0,0
0,0,0,0,0,0,0,0,0,31,16,0,0,0,0,0,89,68,0,0,198,200,89,0,0,0,0,0,0,0,0,0,0,0
0,0,0,0,0,0,0,0,0,37,19,0,0,0,0,0,82,68,0,1,178,175,82,0,1,0,0,0,0,0,0,0,0,0
478993,43765,0,733,0,0,537,0,0,25,13,0,0,0,0,0,81,68,0,0,175,173,80,0,0,0,0,0,0,0,0,0,0,0
0,0,0,0,0,0,0,0,0,36,18,0,0,0,0,0,87,68,0,0,192,193,86,0,0,0,0,0,0,0,0,0,0,0
0,0,0,0,0,0,0,0,0,25,12,0,0,0,0,0,81,68,0,0,177,177,82,0,0,0,0,0,0,0,0,0,0,0
0,0,0,0,0,0,0,0,0,31,16,0,0,0,0,0,84,68,0,0,181,180,83,0,0,0,0,0,0,0,0,0,0,0
0,0,0,0,0,0,0,0,0,28,14,0,0,0,0,0,82,68,0,0,178,179,82,0,0,0,0,0,0,0,0,0,0,0
0,0,0,0,0,0,0,0,0,44,22,0,0,0,0,0,91,68,0,1,201,201,89,0,1,0,0,0,0,0,0,0,0,0
480344,40938,0,703,0,0,506,0,0,44,22,0,0,0,0,0,91,68,0,0,204,204,90,0,0,0,0,0,0,0,0,0,0,0
0,0,0,0,0,0,0,0,0,27,13,0,0,0,0,0,84,68,0,0,188,187,85,0,0,0,0,0,0,0,0,0,0,0
0,0,0,0,0,0,0,0,0,41,20,0,0,0,0,0,92,68,0,0,206,208,92,0,0,0,0,0,0,0,0,0,0,0
0,0,0,0,0,0,0,0,0,45,23,0,0,0,0,0,85,68,0,0,186,185,85,0,0,0,0,0,0,0,0,0,0,0
0,0,0,0,0,0,0,0,0,38,19,0,0,0,0,0,88,68,0,0,192,192,86,0,0,0,0,0,0,0,0,0,0,0
475446,34995,0,635,0,0,438,0,0,31,16,0,0,0,0,0,87,68,0,0,197,196,87,0,0,0,0,0,0,0,0,0,0,0
0,0,0,0,0,0,0,0,0,52,25,0,0,0,0,0,92,68,0,1,203,202,90,0,1,0,0,0,0,0,0,0,0,0
0,0,0,0,0,0,0,0,0,27,14,0,0,0,0,0,82,68,0,0,180,183,83,0,0,0,0,0,0,0,0,0,0,0
0,0,0,0,0,0,0,0,0,31,15,0,0,0,0,0,83,68,0,0,179,176,83,0,0,0,0,0,0,0,0,0,0,0
0,0,0,0,0,0,0,0,0,30,15,0,0,0,0,0,84,68,0,0,182,182,82,0,0,0,0,1,0,0,0,0,0,0
0,0,0,0,0,0,0,0,0,29,15,0,0,0,0,0,83,68,0,0,183,180,83,0,0,0,0,2,0,0,0,0,0,0
436314,35706,0,624,0,0,442,0,0,27,14,0,0,0,0,0,83,68,0,0,178,179,81,0,0,0,0,0,0,0,0,0,0,0
0,0,0,0,0,0,0,0,0,29,14,0,0,0,0,0,80,68,0,0,177,177,82,0,0,0,0,0,0,0,0,0,0,0
0,0,0,0,0,0,0,0,0,28,13,0,0,0,0,0,83,68,0,0,178,177,83,0,0,0,0,0,0,0,0,0,0,0
0,0,0,0,0,0,0,0,0,29,16,0,0,0,0,0,83,68,0,0,180,180,82,0,0,0,0,0,0,0,0,0,0,0
0,0,0,0,0,0,0,0,0,28,14,0,0,0,0,0,83,68,0,0,179,179,83,0,0,0,0,0,0,0,0,0,0,0
0,0,0,0,0,0,0,0,0,26,14,0,0,0,0,0,83,68,0,1,179,178,81,0,1,0,0,0,0,0,0,0,0,0
473046,45484,0,749,0,0,557,0,0,29,14,0,0,0,0,0,81,68,0,0,179,179,83,0,0,0,0,0,0,0,0,0,0,0
0,0,0,0,0,0,0,0,0,38,20,0,0,0,0,0,85,68,0,0,189,190,88,0,0,0,0,0,0,0,0,0,0,0
0,0,0,0,0,0,0,0,0,28,14,0,0,0,0,0,83,68,0,0,180,178,82,0,0,0,0,0,0,0,0,0,0,0
0,0,0,0,0,0,0,0,0,29,15,0,0,0,0,0,83,68,0,0,181,182,83,0,0,0,0,0,0,0,0,0,0,0
0,0,0,0,0,0,0,0,0,29,14,0,0,0,0,0,84,68,0,0,179,180,82,0,0,0,0,0,0,0,0,0,0,0
0,0,0,0,0,0,0,0,0,28,14,0,0,0,0,0,83,68,0,0,179,178,82,0,0,0,0,0,0,0,0,0,0,0
448560,40714,0,682,0,0,501,0,0,28,14,0,0,0,0,0,80,68,0,1,179,179,82,0,1,0,0,0,0,0,0,0,0,0
0,0,0,0,0,0,0,0,0,27,14,0,0,0,0,0,82,68,0,0,175,174,81,0,0,0,0,0,0,0,0,0,0,0
0,0,0,0,0,0,0,0,0,27,13,0,0,0,0,0,83,68,0,0,178,179,82,0,0,0,0,0,0,0,0,0,0,0
0,0,0,0,0,0,0,0,0,28,14,0,0,0,0,0,83,68,0,0,179,179,82,0,0,0,0,0,0,0,0,0,0,0
0,0,0,0,0,0,0,0,0,27,14,0,0,0,0,0,83,68,0,0,181,180,83,0,0,0,0,0,0,0,0,0,0,0
0,0,0,0,0,0,0,0,0,31,15,0,0,0,0,0,83,68,0,0,181,181,83,0,0,0,0,0,0,0,0,0,0,0
0,0,0,0,0,0,0,0,0,30,15,0,0,0,0,0,82,68,0,0,179,179,83,0,0,0,0,0,0,0,0,0,0,0
438872,41689,0,688,0,0,511,0,0,33,17,0,0,0,0,0,86,68,0,0,189,189,84,0,0,0,0,0,0,0,0,0,0,0
0,0,0,0,0,0,0,0,0,31,15,0,0,0,0,0,83,68,0,0,180,180,83,0,0,0,0,0,0,0,0,0,0,0
0,0,0,0,0,0,0,0,0,29,15,0,0,0,0,0,83,68,0,0,177,177,82,0,0,0,0,0,0,0,0,0,0,0
0,0,0,0,0,0,0,0,0,27,13,0,0,0,0,0,83,68,0,0,180,181,82,0,0,0,0,0,0,0,0,0,0,0
0,0,0,0,0,0,0,0,0,28,14,0,0,0,0,0,82,68,0,1,181,178,82,0,1,0,0,0,0,0,0,0,0,0
0,0,0,0,0,0,0,0,0,28,14,0,0,0,0,0,81,68,0,0,176,176,82,0,0,0,0,0,0,0,0,0,0,0
440908,40410,0,676,0,0,496,0,0,28,14,0,0,0,0,0,83,68,0,0,179,179,82,0,0,0,0,0,0,0,0,0,0,0
0,0,0,0,0,0,0,0,0,28,14,0,0,0,0,0,83,68,0,0,177,177,81,0,0,0,0,0,0,0,0,0,0,0
0,0,0,0,0,0,0,0,0,28,14,0,0,0,0,0,82,68,0,0,179,180,82,0,0,0,0,0,0,0,0,0,0,0
0,0,0,0,0,0,0,0,0,26,13,0,0,0,0,0,82,68,0,0,176,177,82,0,0,0,0,0,0,0,0,0,0,0
0,0,0,0,0,0,0,0,0,27,14,0,0,0,0,0,81,68,0,0,177,176,82,0,0,0,0,0,0,0,0,0,0,0
0,0,0,0,0,0,0,0,0,30,15,0,0,0,0,0,83,68,0,0,181,182,83,0,0,0,0,0,0,0,0,0,0,0
478784,45572,0,753,0,0,559,0,0,29,14,0,0,0,0,0,84,68,0,0,179,178,82,0,0,0,0,0,0,0,0,0,0,0
0,0,0,0,0,0,0,0,0,28,14,0,0,0,0,0,82,68,0,0,179,179,82,0,0,0,0,0,0,0,0,0,0,0
0,0,0,0,0,0,0,0,0,28,14,0,0,0,0,0,83,68,0,0,180,180,82,0,0,0,0,0,0,0,0,0,0,0
0,0,0,0,0,0,0,0,0,28,14,0,0,0,0,0,82,68,0,0,181,181,83,0,0,0,0,0,0,0,0,0,0,0
0,0,0,0,0,0,0,0,0,30,15,0,0,0,0,0,83,68,0,0,179,178,82,0,0,0,0,1,0,0,0,0,0,0
0,0,0,0,0,0,0,0,0,28,14,0,0,0,0,0,83,68,0,1,181,179,82,0,1,0,0,2,0,0,0,0,0,0
0,0,0,0,0,0,508,0,0,28,14,0,0,0,0,0,83,68,0,0,179,179,82,0,0,0,0,0,0,0,0,0,0,0
440766,41469,0,690,0,0,0,0,0,28,15,0,0,0,0,0,82,68,0,0,181,180,82,0,1,0,0,0,0,0,0,0,0,0
0,0,0,0,0,0,0,0,0,30,14,0,0,0,0,0,84,68,0,1,182,181,84,0,0,0,0,0,0,0,0,0,0,0
0,0,0,0,0,0,0,0,0,29,15,0,0,0,0,0,82,68,0,0,177,178,82,0,0,0,0,0,0,0,0,0,0,0
0,0,0,0,0,0,0,0,0,30,15,0,0,0,0,0,83,68,0,1,183,181,82,0,1,0,0,0,0,0,0,0,0,0
0,0,0,0,0,0,0,0,0,29,14,0,0,0,0,0,83,68,0,0,181,182,83,0,0,0,0,0,0,0,0,0,0,0
0,0,0,0,0,0,0,0,0,29,15,0,0,0,0,0,83,68,0,0,179,177,82,0,0,0,0,0,0,0,0,0,0,0
439930,40588,0,678,0,0,498,0,0,29,14,0,0,0,0,0,84,68,0,1,183,183,84,0,1,0,0,0,0,0,0,0,0,0
0,0,0,0,0,0,0,0,0,29,15,0,0,0,0,0,83,68,0,0,181,181,82,0,0,0,0,0,0,0,0,0,0,0
0,0,0,0,0,0,0,0,0,31,15,0,0,0,0,0,82,68,0,0,179,182,84,0,0,0,0,0,0,0,0,0,0,0
0,0,0,0,0,0,0,0,0,30,15,0,0,0,0,0,84,68,0,0,182,179,82,0,0,0,0,0,0,0,0,0,0,0
0,0,0,0,0,0,0,0,0,30,15,0,0,0,0,0,84,68,0,2,185,183,84,0,2,0,0,0,0,0,0,0,0,0
0,0,0,668,0,0,487,0,0,31,16,0,0,0,0,0,84,68,0,0,181,182,82,0,0,0,0,0,0,0,0,0,0,0
437821,39602,0,0,0,0,0,0,0,30,15,0,0,0,0,0,83,68,0,0,182,182,84,0,0,0,0,0,0,0,0,0,0,0
0,0,0,0,0,0,0,0,0,28,14,0,0,0,0,0,83,68,0,0,180,178,82,0,0,0,0,0,0,0,0,0,0,0
0,0,0,0,0,0,0,0,0,32,16,0,0,0,0,0,86,68,0,0,186,186,84,0,0,0,0,0,0,0,0,0,0,0
0,0,0,0,0,0,0,0,0,30,15,0,0,0,0,0,81,68,0,1,181,180,83,0,1,0,0,0,0,0,0,0,0,0
0,0,0,0,0,0,0,0,0,30,14,0,0,0,0,0,83,68,0,0,179,181,83,0,0,0,0,0,0,0,0,0,0,0
451117,40167,0,679,0,0,495,0,0,33,17,0,0,0,0,0,87,68,0,0,192,192,86,0,0,0,0,0,0,0,0,0,0,0
0,0,0,0,0,0,0,0,0,38,19,0,0,0,0,0,86,68,0,0,189,188,86,0,0,0,0,0,0,0,0,0,0,0
0,0,0,0,0,0,0,0,0,33,17,0,0,0,0,0,85,68,0,1,186,185,84,0,1,0,0,0,0,0,0,0,0,0
0,0,0,0,0,0,0,0,0,31,15,0,0,0,0,0,84,68,0,0,183,184,84,0,0,0,0,0,0,0,0,0,0,0
0,0,0,0,0,0,0,0,0,32,16,0,0,0,0,0,85,68,0,0,185,185,84,0,0,0,0,0,0,0,0,0,0,0
0,0,0,0,0,0,0,0,0,31,16,0,0,0,0,0,84,68,0,1,185,182,83,0,1,0,0,0,0,0,0,0,0,0
485224,40984,0,707,0,0,507,0,0,32,15,0,0,0,0,0,85,68,0,0,183,185,84,0,0,0,0,0,0,0,0,0,0,0
0,0,0,0,0,0,0,0,0,32,17,0,0,0,0,0,84,68,0,0,186,184,84,0,0,0,0,0,0,0,0,0,0,0
0,0,0,0,0,0,0,0,0,29,14,0,0,0,0,0,83,68,0,0,180,182,83,0,0,0,0,0,0,0,0,0,0,0
0,0,0,0,0,0,0,0,0,31,16,0,0,0,0,0,83,68,0,0,183,181,83,0,0,0,0,0,0,0,0,0,0,0
0,0,0,0,0,0,0,0,0,30,15,0,0,0,0,0,84,68,0,0,179,179,82,0,0,0,0,0,0,0,0,0,0,0
0,0,0,0,0,0,0,0,0,29,14,0,0,0,0,0,83,68,0,0,182,183,84,0,0,0,0,0,0,0,0,0,0,0
460236,40626,0,688,0,0,500,0,0,30,15,0,0,0,0,0,84,68,0,0,180,180,82,0,0,0,0,0,0,0,0,0,0,0
0,0,0,0,0,0,0,0,0,33,16,0,0,0,0,0,84,68,0,1,187,185,84,0,1,0,0,0,0,0,0,0,0,0
0,0,0,0,0,0,0,0,0,30,16,0,0,0,0,0,84,68,0,0,182,183,84,0,0,0,0,0,0,0,0,0,0,0
0,0,0,0,0,0,0,0,0,29,14,0,0,0,0,0,82,68,0,0,182,180,83,0,0,0,0,2,0,0,0,0,0,0
0,0,0,0,0,0,0,0,0,30,15,0,0,0,0,0,85,68,0,0,184,182,83,0,0,0,0,1,0,0,0,0,0,0
0,0,0,0,0,0,0,0,0,28,15,0,0,0,0,0,81,68,0,0,177,178,82,0,0,0,0,0,0,0,0,0,0,0
448834,40556,0,685,0,0,499,0,0,31,15,0,0,0,0,0,84,68,0,0,182,182,83,0,0,0,0,0,0,0,0,0,0,0
0,0,0,0,0,0,0,0,0,30,15,0,0,0,0,0,84,68,0,0,183,183,84,0,0,0,0,0,0,0,0,0,0,0
0,0,0,0,0,0,0,0,0,31,16,0,0,0,0,0,84,68,0,0,184,183,83,0,1,0,0,0,0,0,0,0,0,0
0,0,0,0,0,0,0,0,0,31,15,0,0,0,0,0,84,68,0,1,182,181,83,0,0,0,0,0,0,0,0,0,0,0
0,0,0,0,0,0,0,0,0,29,14,0,0,0,0,0,83,68,0,0,180,181,83,0,0,0,0,0,0,0,0,0,0,0
0,0,0,0,0,0,0,0,0,29,15,0,0,0,0,0,82,68,0,2,185,183,83,0,2,0,0,0,0,0,0,0,0,0
450748,40560,0,685,0,0,499,0,0,31,16,0,0,0,0,0,84,68,0,0,180,183,83,0,0,0,0,0,0,0,0,0,0,0
0,0,0,0,0,0,0,0,0,31,15,0,0,0,0,0,84,68,0,0,182,178,83,0,0,0,0,0,0,0,0,0,0,0
0,0,0,0,0,0,0,0,0,30,15,0,0,0,0,0,84,68,0,0,181,183,83,0,0,0,0,0,0,0,0,0,0,0
0,0,0,0,0,0,0,0,0,31,16,0,0,0,0,0,84,68,0,0,183,183,84,0,1,0,0,0,0,0,0,0,0,0
0,0,0,0,0,0,0,0,0,31,15,0,0,0,0,0,84,68,0,1,185,183,83,0,0,0,0,0,0,0,0,0,0,0
0,0,0,0,0,0,0,0,0,33,17,0,0,0,0,0,85,68,0,0,186,186,85,0,0,0,0,0,0,0,0,0,0,0
462112,40680,0,690,0,0,501,0,0,29,15,0,0,0,0,0,84,68,0,0,183,183,83,0,0,0,0,0,0,0,0,0,0,0
0,0,0,0,0,0,0,0,0,33,16,0,0,0,0,0,85,68,0,0,186,185,84,0,0,0,0,0,0,0,0,0,0,0
0,0,0,0,0,0,0,0,0,31,15,0,0,0,0,0,82,68,0,0,181,183,84,0,0,0,0,0,0,0,0,0,0,0
0,0,0,0,0,0,0,0,0,29,15,0,0,0,0,0,83,68,0,0,179,179,82,0,0,0,0,0,0,0,0,0,0,0
0,0,0,0,0,0,0,0,0,42,21,0,0,0,0,0,94,69,0,0,207,207,92,0,0,0,0,0,0,0,0,0,0,0
0,0,0,0,0,0,0,0,0,35,17,0,0,0,0,0,84,68,0,0,186,186,84,0,0,0,0,0,0,0,0,0,0,0
432909,36042,0,621,0,0,444,0,0,30,15,0,0,0,0,0,82,68,0,1,178,181,84,0,1,0,0,0,0,0,0,0,0,0
0,0,0,0,0,0,0,0,0,46,23,0,0,0,0,0,93,69,0,0,208,206,92,0,0,0,0,0,0,0,0,0,0,0
0,0,0,0,0,0,0,0,0,35,18,0,0,0,0,0,86,68,0,0,188,187,85,0,0,0,0,0,0,0,0,0,0,0
0,0,0,0,0,0,0,0,0,32,16,0,0,0,0,0,84,68,0,0,183,183,84,0,0,0,0,0,0,0,0,0,0,0
0,0,0,0,0,0,0,0,0,30,15,0,0,0,0,0,82,68,0,0,180,182,83,0,0,0,0,0,0,0,0,0,0,0
488059,40046,0,694,0,0,495,0,0,31,16,0,0,0,0,0,84,68,0,0,183,180,83,0,0,0,0,0,0,0,0,0,0,0
0,0,0,0,0,0,0,0,0,30,15,0,0,0,0,0,84,68,0,0,182,183,83,0,0,0,0,0,0,0,0,0,0,0
0,0,0,0,0,0,0,0,0,32,15,0,0,0,0,0,85,68,0,0,183,183,84,0,0,0,0,0,0,0,0,0,0,0
0,0,0,0,0,0,0,0,0,32,17,0,0,0,0,0,84,68,0,0,186,186,84,0,0,0,0,0,0,0,0,0,0,0
0,0,0,0,0,0,0,0,0,32,15,0,0,0,0,0,84,68,0,0,183,183,83,0,0,0,0,0,0,0,0,0,0,0
0,0,0,0,0,0,0,0,0,30,16,0,0,0,0,0,84,68,0,0,183,184,84,0,0,0,0,0,0,0,0,0,0,0
479930,40904,0,701,0,0,505,0,0,77,39,0,0,0,0,0,103,68,0,0,246,242,106,0,0,0,0,3,0,0,0,0,0,0
0,0,0,0,0,0,0,0,0,8,4,0,0,0,0,0,68,68,0,0,139,138,69,0,0,0,0,0,0,0,0,0,0,0
0,0,0,0,0,0,0,0,0,1,1,0,0,0,0,0,69,68,0,0,136,136,68,0,0,0,0,0,0,0,0,0,0,0
0,0,0,0,0,0,0,0,0,1,1,0,0,0,0,0,68,68,0,0,137,137,69,0,0,0,0,0,0,0,0,0,0,0
0,0,0,365,0,0,310,0,0,27,16,0,0,0,0,0,91,68,0,0,220,223,100,0,0,0,0,0,0,0,0,0,0,0
152224,26061,0,0,0,0,0,0,0,82,40,0,0,0,0,0,107,68,0,0,256,256,111,0,0,0,0,0,0,0,0,0,0,0
0,0,0,0,0,0,0,0,0,80,42,0,0,0,0,0,106,68,0,0,248,246,102,0,0,0,0,0,0,0,0,0,0,0
0,0,0,0,0,0,0,0,0,38,18,0,0,0,0,0,82,68,0,0,170,169,79,0,0,0,0,0,0,0,0,0,0,0
0,0,0,0,0,0,0,0,0,23,12,0,0,0,0,0,81,68,0,0,171,171,80,0,0,0,0,0,0,0,0,0,0,0
0,0,0,0,0,0,0,0,0,22,11,0,0,0,0,0,78,68,0,0,169,170,79,0,0,0,0,0,0,0,0,0,0,0
0,0,0,0,0,0,0,0,0,23,11,0,0,0,0,0,81,68,0,0,171,171,79,0,0,0,0,0,0,0,0,0,0,0
743028,49818,0,935,0,0,629,0,0,23,12,0,0,0,0,0,80,68,0,0,171,172,80,0,0,0,0,0,0,0,0,0,0,0
0,0,0,0,0,0,0,0,0,22,11,0,0,0,0,0,78,68,0,0,169,168,79,0,0,0,0,0,0,0,0,0,0,0
0,0,0,0,0,0,0,0,0,23,12,0,0,0,0,0,81,68,0,0,171,171,79,0,0,0,0,0,0,0,0,0,0,0
0,0,0,0,0,0,0,0,0,22,11,0,0,0,0,0,80,70,0,0,171,175,83,0,0,0,0,0,0,0,0,0,0,0
0,0,0,0,0,0,0,0,0,24,11,0,0,0,0,0,81,70,0,0,170,169,80,0,0,0,0,0,0,0,0,0,0,0
0,0,0,0,0,0,0,0,0,23,12,0,0,0,0,0,81,69,0,0,172,173,81,0,0,0,0,0,0,0,0,0,0,0
0,0,0,0,0,0,0,0,0,23,11,0,0,0,0,0,81,68,0,0,171,172,80,0,0,0,0,0,0,0,0,0,0,0
0,0,0,0,0,0,0,0,0,23,12,0,0,0,0,0,79,68,0,0,171,171,79,0,0,0,0,0,0,0,0,0,0,0
476894,53138,0,827,0,0,644,0,0,29,15,0,0,0,0,0,83,68,0,0,181,181,82,0,0,0,0,0,0,0,0,0,0,0
0,0,0,0,0,0,0,0,0,23,11,0,0,0,0,0,81,68,0,0,171,172,80,0,0,0,0,0,0,0,0,0,0,0
0,0,0,0,0,0,0,0,0,23,12,0,0,0,0,0,80,68,0,0,176,175,81,0,0,0,0,0,0,0,0,0,0,0
0,0,0,0,0,0,0,0,0,31,15,0,0,0,0,0,84,68,0,0,180,181,83,0,0,0,0,0,0,0,0,0,0,0
0,0,0,0,0,0,0,0,0,26,13,0,0,0,0,0,81,68,0,0,174,174,80,0,0,0,0,0,0,0,0,0,0,0
0,0,0,0,0,0,0,0,0,25,13,0,0,0,0,0,81,68,0,0,173,171,81,0,0,0,0,0,0,0,0,0,0,0
0,0,0,0,0,0,0,0,0,22,11,0,0,0,0,0,79,68,0,0,169,170,79,0,0,0,0,0,0,0,0,0,0,0
449960,46543,0,749,0,0,568,0,0,24,12,0,0,0,0,0,80,68,0,0,172,171,80,0,0,0,0,0,0,0,0,0,0,0
0,0,0,0,0,0,0,0,0,23,11,0,0,0,0,0,80,68,0,0,172,172,79,0,0,0,0,0,0,0,0,0,0,0
0,0,0,0,0,0,0,0,0,24,12,0,0,0,0,0,80,68,0,0,175,177,81,0,0,0,0,0,0,0,0,0,0,0
0,0,0,0,0,0,0,0,0,24,13,0,0,0,0,0,81,68,0,0,170,168,80,0,0,0,0,0,0,0,0,0,0,0
0,0,0,0,0,0,0,0,0,24,11,0,0,0,0,0,80,68,0,0,172,172,79,0,0,0,0,0,0,0,0,0,0,0
0,0,0,0,0,0,0,0,0,22,11,0,0,0,0,0,79,68,0,0,168,172,80,0,0,0,0,0,0,0,0,0,0,0
0,0,0,0,0,0,0,0,0,23,12,0,0,0,0,0,80,68,0,0,171,169,79,0,0,0,0,0,0,0,0,0,0,0
0,0,0,0,0,0,0,0,0,23,12,0,0,0,0,0,80,68,0,0,172,171,79,0,0,0,0,0,0,0,0,0,0,0
472364,52512,0,824,0,0,636,0,0,23,11,0,0,0,0,0,79,68,0,0,171,173,81,0,0,0,0,0,0,0,0,0,0,0
0,0,0,0,0,0,0,0,0,25,13,0,0,0,0,0,81,68,0,0,173,171,79,0,0,0,0,0,0,0,0,0,0,0
0,0,0,0,0,0,0,0,0,23,11,0,0,0,0,0,81,68,0,0,171,172,80,0,0,0,0,0,0,0,0,0,0,0
0,0,0,0,0,0,0,0,0,22,11,0,0,0,0,0,79,68,0,0,169,168,79,0,0,0,0,0,0,0,0,0,0,0
0,0,0,0,0,0,0,0,0,23,12,0,0,0,0,0,80,68,0,0,171,171,80,0,0,0,0,0,0,0,0,0,0,0
0,0,0,0,0,0,0,0,0,23,11,0,0,0,0,0,80,68,0,0,171,172,79,0,0,0,0,0,0,0,0,0,0,0
0,0,0,0,0,0,0,0,0,22,11,0,0,0,0,0,79,68,0,0,169,168,79,0,0,0,0,0,0,0,0,0,0,0
0,0,0,0,0,0,0,0,0,24,12,0,0,0,0,0,80,68,0,0,172,171,80,0,0,0,0,2,0,0,0,0,0,0
472618,52606,0,827,0,0,638,0,0,23,11,0,0,0,0,0,80,68,0,0,175,172,79,0,0,0,0,1,0,0,0,0,0,0
0,0,0,0,0,0,0,0,0,22,12,0,0,0,0,0,79,68,0,0,168,168,79,0,0,0,0,0,0,0,0,0,0,0
0,0,0,0,0,0,0,0,0,23,11,0,0,0,0,0,80,68,0,0,172,172,80,0,0,0,0,0,0,0,0,0,0,0
0,0,0,0,0,0,0,0,0,22,11,0,0,0,0,0,80,68,0,0,171,172,79,0,0,0,0,0,0,0,0,0,0,0
0,0,0,0,0,0,0,0,0,23,12,0,0,0,0,0,79,68,0,0,168,169,80,0,0,0,0,0,0,0,0,0,0,0
0,0,0,0,0,0,0,0,0,23,11,0,0,0,0,0,81,68,0,0,172,171,79,0,0,0,0,0,0,0,0,0,0,0
0,0,0,0,0,0,0,0,0,22,11,0,0,0,0,0,80,68,0,0,171,171,80,0,0,0,0,0,0,0,0,0,0,0
0,0,0,0,0,0,0,0,0,23,12,0,0,0,0,0,78,68,0,0,168,169,79,0,0,0,0,0,0,0,0,0,0,0
469420,52454,0,823,0,0,635,0,0,24,11,0,0,0,0,0,80,68,0,0,173,171,79,0,0,0,0,0,0,0,0,0,0,0
0,0,0,0,0,0,0,0,0,22,11,0,0,0,0,0,79,68,0,0,171,171,80,0,0,0,0,0,0,0,0,0,0,0
0,0,0,0,0,0,0,0,0,23,12,0,0,0,0,0,80,68,0,0,169,169,79,0,0,0,0,0,0,0,0,0,0,0
0,0,0,0,0,0,0,0,0,23,11,0,0,0,0,0,81,68,0,0,171,171,79,0,0,0,0,0,0,0,0,0,0,0
0,0,0,0,0,0,0,0,0,22,11,0,0,0,0,0,79,68,0,0,174,174,81,0,0,0,0,0,0,0,0,0,0,0
0,0,0,0,0,0,0,0,0,28,15,0,0,0,0,0,83,68,0,0,175,176,81,0,0,0,0,0,0,0,0,0,0,0
0,0,0,0,0,0,0,0,0,24,12,0,0,0,0,0,80,68,0,0,171,172,80,0,0,0,0,0,0,0,0,0,0,0
0,0,0,0,0,0,0,0,0,22,11,0,0,0,0,0,80,68,0,0,172,171,79,0,0,0,0,0,0,0,0,0,0,0
478486,52660,0,829,0,0,639,0,0,24,12,0,0,0,0,0,79,68,0,0,169,170,79,0,0,0,0,0,0,0,0,0,0,0
0,0,0,0,0,0,0,0,0,23,11,0,0,0,0,0,81,68,0,0,172,171,80,0,0,0,0,0,0,0,0,0,0,0
0,0,0,0,0,0,0,0,0,22,11,0,0,0,0,0,80,68,0,0,171,171,80,0,0,0,0,0,0,0,0,0,0,0
0,0,0,0,0,0,0,0,0,23,12,0,0,0,0,0,78,68,0,0,168,169,79,0,0,0,0,0,0,0,0,0,0,0
0,0,0,0,0,0,0,0,0,24,12,0,0,0,0,0,82,68,0,0,176,176,81,0,0,0,0,0,0,0,0,0,0,0
0,0,0,0,0,0,0,0,0,31,15,0,0,0,0,0,84,68,0,0,185,184,83,0,0,0,0,0,0,0,0,0,0,0
0,0,0,0,0,0,0,0,0,30,15,0,0,0,0,0,84,68,0,0,181,182,84,0,0,0,0,0,0,0,0,0,0,0
458802,46555,0,752,0,0,568,0,0,30,15,0,0,0,0,0,83,68,0,0,182,181,83,0,0,0,0,0,0,0,0,0,0,0
0,0,0,0,0,0,0,0,0,31,16,0,0,0,0,0,83,68,0,0,180,183,83,0,0,0,0,0,0,0,0,0,0,0
0,0,0,0,0,0,0,0,0,27,13,0,0,0,0,0,81,68,0,0,174,172,80,0,0,0,0,0,0,0,0,0,0,0
0,0,0,0,0,0,0,0,0,24,12,0,0,0,0,0,81,68,0,0,173,171,80,0,0,0,0,0,0,0,0,0,0,0
0,0,0,0,0,0,0,0,0,22,11,0,0,0,0,0,78,68,0,0,171,171,79,0,0,0,0,0,0,0,0,0,0,0
0,0,0,0,0,0,0,0,0,23,12,0,0,0,0,0,80,68,0,0,169,170,79,0,0,0,0,0,0,0,0,0,0,0
0,0,0,0,0,0,0,0,0,23,11,0,0,0,0,0,81,68,0,0,171,172,80,0,0,0,0,0,0,0,0,0,0,0
0,0,0,745,0,0,568,0,0,23,11,0,0,0,0,0,79,68,0,0,170,168,80,0,0,0,0,0,0,0,0,0,0,0
443960,46710,0,0,0,0,0,0,0,23,12,0,0,0,0,0,80,68,0,0,171,171,79,0,0,0,0,0,0,0,0,0,0,0
0,0,0,0,0,0,0,0,0,23,12,0,0,0,0,0,80,68,0,0,172,173,79,0,0,0,0,0,0,0,0,0,0,0
0,0,0,0,0,0,0,0,0,22,11,0,0,0,0,0,79,68,0,0,168,169,79,0,0,0,0,0,0,0,0,0,0,0
0,0,0,0,0,0,0,0,0,23,11,0,0,0,0,0,80,68,0,0,172,171,80,0,0,0,0,0,0,0,0,0,0,0
0,0,0,0,0,0,0,0,0,24,12,0,0,0,0,0,81,68,0,0,172,171,80,0,0,0,0,0,0,0,0,0,0,0
0,0,0,0,0,0,0,0,0,21,11,0,0,0,0,0,78,68,0,0,169,169,79,0,0,0,0,0,0,0,0,0,0,0
0,0,0,0,0,0,0,0,0,24,11,0,0,0,0,0,81,68,0,0,170,171,79,0,0,0,0,0,0,0,0,0,0,0
463034,52121,0,816,0,0,632,0,0,22,12,0,0,0,0,0,80,68,0,0,172,173,80,0,0,0,0,0,0,0,0,0,0,0
0,0,0,0,0,0,0,0,0,23,11,0,0,0,0,0,78,68,0,0,169,168,79,0,0,0,0,0,0,0,0,0,0,0
0,0,0,0,0,0,0,0,0,23,12,0,0,0,0,0,81,68,0,0,171,172,79,0,0,0,0,0,0,0,0,0,0,0
0,0,0,0,0,0,0,0,0,22,11,0,0,0,0,0,80,68,0,0,171,171,80,0,0,0,0,0,0,0,0,0,0,0
0,0,0,0,0,0,0,0,0,24,11,0,0,0,0,0,79,68,0,0,169,168,79,0,0,0,0,0,0,0,0,0,0,0
0,0,0,0,0,0,0,0,0,23,12,0,0,0,0,0,80,68,0,0,171,172,80,0,0,0,0,0,0,0,0,0,0,0
0,0,0,0,0,0,0,0,0,22,11,0,0,0,0,0,80,68,0,0,171,171,79,0,0,0,0,0,0,0,0,0,0,0
0,0,0,0,0,0,0,0,0,22,11,0,0,0,0,0,79,68,0,0,169,168,79,0,0,0,0,0,0,0,0,0,0,0
469326,52510,0,822,0,0,636,0,0,24,12,0,0,0,0,0,80,68,0,0,173,172,80,0,0,0,0,0,0,0,0,0,0,0
0,0,0,0,0,0,0,0,0,22,11,0,0,0,0,0,79,68,0,0,171,171,79,0,0,0,0,0,0,0,0,0,0,0
0,0,0,0,0,0,0,0,0,23,11,0,0,0,0,0,80,68,0,0,168,169,79,0,0,0,0,0,0,0,0,0,0,0
0,0,0,0,0,0,0,0,0,23,12,0,0,0,0,0,80,68,0,0,172,171,80,0,0,0,0,0,0,0,0,0,0,0
0,0,0,0,0,0,0,0,0,22,11,0,0,0,0,0,79,68,0,0,168,168,79,0,0,0,0,0,0,0,0,0,0,0
0,0,0,0,0,0,0,0,0,23,12,0,0,0,0,0,80,68,0,0,171,173,79,0,0,0,0,0,0,0,0,0,0,0
0,0,0,0,0,0,0,0,0,23,11,0,0,0,0,0,80,68,0,0,172,171,80,0,0,0,0,0,0,0,0,0,0,0
0,0,0,0,0,0,0,0,0,22,11,0,0,0,0,0,79,68,0,0,168,169,79,0,0,0,0,0,0,0,0,0,0,0
463280,52404,0,818,0,0,634,0,0,23,12,0,0,0,0,0,81,68,0,0,171,171,80,0,0,0,0,0,0,0,0,0,0,0
0,0,0,0,0,0,0,0,0,23,11,0,0,0,0,0,80,68,0,0,173,171,79,0,0,0,0,0,0,0,0,0,0,0
0,0,0,0,0,0,0,0,0,23,11,0,0,0,0,0,78,68,0,0,169,169,79,0,0,0,0,0,0,0,0,0,0,0
0,0,0,0,0,0,0,0,0,23,12,0,0,0,0,0,81,68,0,0,171,171,80,0,0,0,0,0,0,0,0,0,0,0
0,0,0,0,0,0,0,0,0,22,11,0,0,0,0,0,80,68,0,0,171,171,79,0,0,0,0,0,0,0,0,0,0,0
0,0,0,0,0,0,0,0,0,23,12,0,0,0,0,0,78,68,0,0,169,169,79,0,0,0,0,0,0,0,0,0,0,0
0,0,0,0,0,0,0,0,0,23,11,0,0,0,0,0,81,68,0,0,171,173,80,0,0,0,0,0,0,0,0,0,0,0
0,0,0,0,0,0,0,0,0,22,11,0,0,0,0,0,80,68,0,0,171,171,80,0,0,0,0,0,0,0,0,0,0,0
466430,52540,0,822,0,0,637,0,0,23,12,0,0,0,0,0,79,68,0,0,170,168,79,0,0,0,0,0,0,0,0,0,0,0
0,0,0,0,0,0,0,0,0,24,11,0,0,0,0,0,80,68,0,0,170,172,79,0,0,0,0,0,0,0,0,0,0,0
0,0,0,0,0,0,0,0,0,21,11,0,0,0,0,0,80,68,0,0,171,171,80,0,0,0,0,0,0,0,0,0,0,0
0,0,0,0,0,0,0,0,0,23,12,0,0,0,0,0,79,68,0,0,169,168,79,0,0,0,0,0,0,0,0,0,0,0
0,0,0,0,0,0,0,0,0,23,11,0,0,0,0,0,80,68,0,0,172,172,79,0,0,0,0,0,0,0,0,0,0,0
0,0,0,0,0,0,0,0,0,22,11,0,0,0,0,0,79,68,0,0,170,171,80,0,0,0,0,0,0,0,0,0,0,0
0,0,0,0,0,0,0,0,0,24,12,0,0,0,0,0,80,68,0,0,172,171,80,0,0,0,0,0,0,0,0,0,0,0
0,0,0,0,0,0,0,0,0,27,14,0,0,0,0,0,83,68,0,0,179,178,81,0,0,0,0,0,0,0,0,0,0,0
478422,52932,0,828,0,0,640,0,0,24,12,0,0,0,0,0,81,68,0,0,171,172,80,0,0,0,0,0,0,0,0,0,0,0
0,0,0,0,0,0,0,0,0,23,11,0,0,0,0,0,78,68,0,0,169,169,79,0,0,0,0,0,0,0,0,0,0,0
0,0,0,0,0,0,0,0,0,23,12,0,0,0,0,0,81,68,0,0,172,171,80,0,0,0,0,0,0,0,0,0,0,0
0,0,0,0,0,0,0,0,0,23,11,0,0,0,0,0,80,68,0,0,171,171,79,0,0,0,0,0,0,0,0,0,0,0
0,0,0,0,0,0,0,0,0,23,11,0,0,0,0,0,78,68,0,0,169,169,79,0,0,0,0,0,0,0,0,0,0,0
0,0,0,0,0,0,0,0,0,23,12,0,0,0,0,0,81,68,0,0,171,171,80,0,0,0,0,0,0,0,0,0,0,0
0,0,0,0,0,0,0,0,0,22,11,0,0,0,0,0,80,68,0,0,171,173,79,0,0,0,0,0,0,0,0,0,0,0
0,0,0,0,0,0,0,0,0,23,12,0,0,0,0,0,79,68,0,0,169,168,79,0,0,0,0,0,0,0,0,0,0,0
464796,52770,0,821,0,0,637,0,0,23,11,0,0,0,0,0,80,68,0,0,171,172,80,0,0,0,0,0,0,0,0,0,0,0
0,0,0,0,0,0,0,0,0,22,11,0,0,0,0,0,79,68,0,0,171,171,80,0,0,0,0,0,0,0,0,0,0,0
0,0,0,0,0,0,0,0,0,24,12,0,0,0,0,0,80,68,0,0,170,168,79,0,0,0,0,0,0,0,0,0,0,0
0,0,0,0,0,0,0,0,0,23,11,0,0,0,0,0,80,68,0,0,172,172,79,0,0,0,0,0,0,0,0,0,0,0
0,0,0,0,0,0,0,0,0,22,11,0,0,0,0,0,79,68,0,0,168,168,80,0,0,0,0,0,0,0,0,0,0,0
0,0,0,0,0,0,0,0,0,22,12,0,0,0,0,0,80,68,0,0,171,171,79,0,0,0,0,0,0,0,0,0,0,0
0,0,0,0,0,0,0,0,0,24,11,0,0,0,0,0,80,68,0,0,172,172,79,0,0,0,0,0,0,0,0,0,0,0
0,0,0,0,0,0,0,0,0,22,11,0,0,0,0,0,79,68,0,0,168,168,79,0,0,0,0,0,0,0,0,0,0,0
469388,52707,0,821,0,0,638,0,0,23,12,0,0,0,0,0,80,68,0,0,171,172,80,0,0,0,0,0,0,0,0,0,0,0
0,0,0,0,0,0,0,0,0,23,12,0,0,0,0,0,80,68,0,0,172,172,79,0,0,0,0,0,0,0,0,0,0,0
0,0,0,0,0,0,0,0,0,22,11,0,0,0,0,0,79,68,0,0,168,169,80,0,0,0,0,1,0,0,0,0,0,0
0,0,0,0,0,0,0,0,0,23,11,0,0,0,0,0,81,68,0,0,174,171,79,0,0,0,0,1,0,0,0,0,0,0
0,0,0,0,0,0,0,0,0,23,11,0,0,0,0,0,80,68,0,0,172,171,80,0,0,0,0,1,0,0,0,0,0,0
0,0,0,0,0,0,0,0,0,23,12,0,0,0,0,0,78,68,0,0,170,169,79,0,0,0,0,0,0,0,0,0,0,0
0,0,0,0,0,0,0,0,0,23,12,0,0,0,0,0,81,68,0,0,171,171,79,0,0,0,0,0,0,0,0,0,0,0
0,0,0,0,0,0,0,0,0,22,10,0,0,0,0,0,80,68,0,0,171,171,80,0,0,0,0,0,0,0,0,0,0,0
466654,52655,0,824,0,0,637,0,0,23,12,0,0,0,0,0,79,68,0,0,169,170,79,0,0,0,0,0,0,0,0,0,0,0
0,0,0,0,0,0,0,0,0,23,12,0,0,0,0,0,80,68,0,0,171,172,80,0,0,0,0,0,0,0,0,0,0,0
0,0,0,0,0,0,0,0,0,22,11,0,0,0,0,0,80,68,0,0,171,171,79,0,0,0,0,0,0,0,0,0,0,0
0,0,0,0,0,0,0,0,0,23,11,0,0,0,0,0,79,68,0,0,169,168,79,0,0,0,0,0,0,0,0,0,0,0
0,0,0,0,0,0,0,0,0,23,12,0,0,0,0,0,80,68,0,0,171,172,80,0,0,0,0,0,0,0,0,0,0,0
0,0,0,0,0,0,0,0,0,23,11,0,0,0,0,0,79,68,0,0,172,171,79,0,0,0,0,0,0,0,0,0,0,0
0,0,0,0,0,0,0,0,0,22,11,0,0,0,0,0,80,68,0,0,169,168,79,0,0,0,0,0,0,0,0,0,0,0
0,0,0,0,0,0,0,0,0,23,12,0,0,0,0,0,80,68,0,0,170,172,80,0,0,0,0,0,0,0,0,0,0,0
464796,52456,0,819,0,0,635,0,0,22,11,0,0,0,0,0,79,68,0,0,169,168,79,0,0,0,0,0,0,0,0,0,0,0
0,0,0,0,0,0,0,0,0,23,11,0,0,0,0,0,80,68,0,0,172,171,79,0,0,0,0,0,0,0,0,0,0,0
0,0,0,0,0,0,0,0,0,23,12,0,0,0,0,0,80,68,0,0,170,172,80,0,0,0,0,0,0,0,0,0,0,0
0,0,0,0,0,0,0,0,0,23,11,0,0,0,0,0,79,68,0,0,170,170,79,0,0,0,0,0,0,0,0,0,0,0
0,0,0,0,0,0,0,0,0,23,12,0,0,0,0,0,80,68,0,0,171,171,79,0,0,0,0,0,0,0,0,0,0,0
0,0,0,0,0,0,0,0,0,23,11,0,0,0,0,0,81,68,0,0,172,171,80,0,0,0,0,0,0,0,0,0,0,0
0,0,0,0,0,0,0,0,0,22,11,0,0,0,0,0,78,68,0,0,168,169,79,0,0,0,0,0,0,0,0,0,0,0
0,0,0,0,0,0,0,0,0,23,12,0,0,0,0,0,81,68,0,0,172,171,79,0,0,0,0,0,0,0,0,0,0,0
463340,52442,0,819,0,0,635,0,0,23,11,0,0,0,0,0,80,68,0,0,172,173,80,0,0,0,0,0,0,0,0,0,0,0
0,0,0,0,0,0,0,0,0,23,12,0,0,0,0,0,79,68,0,0,169,168,79,0,0,0,0,0,0,0,0,0,0,0
0,0,0,0,0,0,0,0,0,23,11,0,0,0,0,0,80,68,0,0,171,172,80,0,0,0,0,0,0,0,0,0,0,0
0,0,0,0,0,0,0,0,0,22,11,0,0,0,0,0,80,68,0,0,171,171,80,0,0,0,0,0,0,0,0,0,0,0
